Workbook

Sheet Raw Data_modified
T1: Tractor | V1: Combine Harvester | Y1: Tractor | AA1: Combine Harvester
A2: N° | B2: Dép | C2: Nom de l'Entreprise | D2: Privé/Union | E2: Type materiel | F2: Localité | G2: Zone SAED | H2: Chef de l'Entreprise | I2: Contact | J2: Marque | K2: Modèle | L2: Numéro de série | M2: Etat | N2: Année acquisition | O2: Puissance | P2: Offset/ Charrue | Q2: Etat | R2: Année acquisition | T2: Service Provider (Extract) | U2: Service Provider (List) | V2: Service Provider (Extract) | W2: Service Provider (List) | Y2: List of Service provider | Z2: Form | AA2: List of Service provider | AB2: Form
A3: 1 | B3: Kanel | C3: Abdoulaye Bocar NDIAYE | D3: Private | E3: Tracteur | F3: Wouro Sidy | G3: Wouro Sidy | H3: Abdoulaye Bocar NDIAYE | I3: 771654286 | J3: TAFE | K3: 1002 4WD | M3: Function | N3: 2019 | O3: 100 | P3: Offset | Q3: Function | R3: 2019 | T3: {=IFERROR(_xlfn._xlws.FILTER(C3,E3="Tractor"),"")} | U3: {=_xlfn.UNIQUE(T3:T94)} | V3: {=IFERROR(_xlfn._xlws.FILTER(C3,#REF!="Combine Harvester"),"")} | W3: {=_xlfn.UNIQUE(V3:V94)} | Y3: Oumar Aguibou SOW | Z3: =_xlfn.XLOOKUP(Y3,$C$3:$C$94,$D$3:$D$94,"") -> Union | AA3: Union Hydraulique de Hamady Ounaré | AB3: =_xlfn.XLOOKUP(AA3,$C$3:$C$94,$D$3:$D$94,"") -> Union
A4: 2 | B4: Matam | C4: Abdoulaye Djiby THIAM | D4: Private | E4: Tracteur | F4: Nabadji Civol | G4: Nabadji | H4: Abdoulaye Djiby THIAM | I4: 776365447 | J4: TAFE | K4: 1002 4WD | M4: Function | N4: 2019 | O4: 100 | P4: Offset | Q4: Function | R4: 2019 | T4: {=IFERROR(_xlfn._xlws.FILTER(C4,E4="Tractor"),"")} | V4: {=IFERROR(_xlfn._xlws.FILTER(C4,#REF!="Combine Harvester"),"")} | Y4: Union des GIE de Diamoungeul 1 et 2 | Z4: =_xlfn.XLOOKUP(Y4,$C$3:$C$94,$D$3:$D$94,"") -> Union | AA4: GIE Dagano | AB4: =_xlfn.XLOOKUP(AA4,$C$3:$C$94,$D$3:$D$94,"") -> Private
A5: 3 | B5: Kanel | C5: Abou DIAW | D5: Private | E5: Tracteur | F5: Ounaré | G5: Wouro Sidy | H5: Abou DIAW | I5: 776143821 | J5: TAFE | K5: 1002 4WD | M5: Function | N5: 2019 | O5: 100 | P5: Offset | Q5: Function | R5: 2019 | T5: {=IFERROR(_xlfn._xlws.FILTER(C5,E5="Tractor"),"")} | V5: {=IFERROR(_xlfn._xlws.FILTER(C5,#REF!="Combine Harvester"),"")} | Y5: DIENG et Fammile | Z5: =_xlfn.XLOOKUP(Y5,$C$3:$C$94,$D$3:$D$94,"") -> Private | AA5: Union du Casier Doumga Ouro Thierno | AB5: =_xlfn.XLOOKUP(AA5,$C$3:$C$94,$D$3:$D$94,"") -> Union
A6: 4 | B6: Matam | C6: Comité de Gestion de Koundel 3 | D6: Private | E6: Tracteur | F6: Nabadji Civol | G6: Nabadji | H6: Abdoulaye Saidou Diaw | I6: 774077602 | J6: VALTRA | K6: BH 165 | M6: Function | N6: 2015 | O6: Moins de 100 | P6: Offset | Q6: Function | R6: 2015 | T6: {=IFERROR(_xlfn._xlws.FILTER(C6,E6="Tractor"),"")} | V6: {=IFERROR(_xlfn._xlws.FILTER(C6,#REF!="Combine Harvester"),"")} | Y6: Harouna | Z6: =_xlfn.XLOOKUP(Y6,$C$3:$C$94,$D$3:$D$94,"") -> Private | AA6: Makhana Diéri | AB6: =_xlfn.XLOOKUP(AA6,$C$3:$C$94,$D$3:$D$94,"") -> Private
A7: 5 | B7: Kanel | C7: Aboubacry Goby BASSOUM | D7: Private | E7: Tracteur | F7: Kanel | G7: Wouro Sidy | H7: Aboubacry Goby BASSOUM | I7: 77 564 25 33 | J7: TAFE | K7: 1002 4WD | M7: Function | N7: 2019 | O7: 100 | P7: Offset | Q7: Function | R7: 2019 | T7: {=IFERROR(_xlfn._xlws.FILTER(C7,E7="Tractor"),"")} | V7: {=IFERROR(_xlfn._xlws.FILTER(C7,#REF!="Combine Harvester"),"")} | Y7: Samba KANE | Z7: =_xlfn.XLOOKUP(Y7,$C$3:$C$94,$D$3:$D$94,"") -> Private | AA7: Union Hydraulique de Kobilo | AB7: =_xlfn.XLOOKUP(AA7,$C$3:$C$94,$D$3:$D$94,"") -> Union
A8: 6 | B8: Matam | C8: Comité de Gestion de Woudourou 1 | D8: Private | E8: Tracteur | F8: Nabadji Civol | G8: Nabadji | H8: Seydou Kane | I8: 77 617 00 25 77 555 77 98 | J8: VALTRA | K8: BM125 I | M8: Function | N8: 2015 | O8: Moins de 100 | P8: Offset | Q8: Function | R8: 2015 | T8: {=IFERROR(_xlfn._xlws.FILTER(C8,E8="Tractor"),"")} | V8: {=IFERROR(_xlfn._xlws.FILTER(C8,#REF!="Combine Harvester"),"")} | Y8: Union Hydraulique de Dolol/Wodobéré | Z8: =_xlfn.XLOOKUP(Y8,$C$3:$C$94,$D$3:$D$94,"") -> Union | AA8: Union Régionale des Interprofessionnels de Semences (URIS) | AB8: =_xlfn.XLOOKUP(AA8,$C$3:$C$94,$D$3:$D$94,"") -> Private
A9: 7 | B9: Kanel | C9: Association des Agriculteurs de Waoundé | D9: Private | E9: Tracteur | F9: Waoundé | G9: Orkadiere | H9: Samba Camara | I9: 77 562 49 16 | J9: John Deere | K9: 6125 | L9: D | M9: Function | N9: 2016 | O9: 125 | P9: Offset | Q9: Function | R9: 2016 | T9: {=IFERROR(_xlfn._xlws.FILTER(C9,E9="Tractor"),"")} | V9: {=IFERROR(_xlfn._xlws.FILTER(C9,#REF!="Combine Harvester"),"")} | Y9: Union Hydraulique de Hamady Ounaré | Z9: =_xlfn.XLOOKUP(Y9,$C$3:$C$94,$D$3:$D$94,"") -> Union | AA9: GIE Townde | AB9: =_xlfn.XLOOKUP(AA9,$C$3:$C$94,$D$3:$D$94,"") -> Private
A10: 8 | B10: Matam | C10: Déworoy Jokkéré Endam | D10: Private | E10: Tracteur | F10: Nabadji Civol | G10: Nabadji | H10: Arona Sall | I10: 78 496 44 02 | J10: John Deere | K10: 6125 | L10: D | M10: Function | N10: 2016 | O10: 125 | P10: Offset | Q10: Function | R10: 2016 | T10: {=IFERROR(_xlfn._xlws.FILTER(C10,E10="Tractor"),"")} | V10: {=IFERROR(_xlfn._xlws.FILTER(C10,#REF!="Combine Harvester"),"")} | Y10: Abdoulaye KANE | Z10: =_xlfn.XLOOKUP(Y10,$C$3:$C$94,$D$3:$D$94,"") -> Private | AA10: Union Hydraulique de Ndouloumadji | AB10: =_xlfn.XLOOKUP(AA10,$C$3:$C$94,$D$3:$D$94,"") -> Union
A11: 9 | B11: Kanel | C11: Bocar DAFF | D11: Private | E11: Tracteur | F11: Ndendory | G11: Ndendory | H11: Bocar DAFF | I11: 775759153 | J11: TAFE | K11: 1002 4WD | M11: Function | N11: 2019 | O11: 100 | P11: Offset | Q11: Function | R11: 2019 | T11: {=IFERROR(_xlfn._xlws.FILTER(C11,E11="Tractor"),"")} | V11: {=IFERROR(_xlfn._xlws.FILTER(C11,#REF!="Combine Harvester"),"")} | Y11: Diango DIABY | Z11: =_xlfn.XLOOKUP(Y11,$C$3:$C$94,$D$3:$D$94,"") -> Private
A12: 10 | B12: Matam | C12: Dieynaba Abdoul SY | D12: Private | E12: Tracteur | F12: Agnam Civol | G12: Agnam/Oréfondé | H12: Dieynaba Abdoul SY | I12: 77120989 | J12: TAFE | K12: 1002 4WD | M12: Function | N12: 2019 | O12: 100 | P12: Offset | Q12: Function | R12: 2019 | T12: {=IFERROR(_xlfn._xlws.FILTER(C12,E12="Tractor"),"")} | V12: {=IFERROR(_xlfn._xlws.FILTER(C12,#REF!="Combine Harvester"),"")} | Y12: GIE Alla Lewy | Z12: =_xlfn.XLOOKUP(Y12,$C$3:$C$94,$D$3:$D$94,"") -> Private
A13: 11 | B13: Kanel | C13: Diango DIABY | D13: Private | E13: Tracteur | F13: Hamady Ounaré | G13: Ndendory | H13: Diango DIABY | I13: 776574960 | J13: TAFE | K13: 1002 4WD | M13: Function | N13: 2019 | O13: 100 | P13: Offset | Q13: Function | R13: 2019 | T13: {=IFERROR(_xlfn._xlws.FILTER(C13,E13="Tractor"),"")} | V13: {=IFERROR(_xlfn._xlws.FILTER(C13,#REF!="Combine Harvester"),"")} | Y13: GIE Ngano | Z13: =_xlfn.XLOOKUP(Y13,$C$3:$C$94,$D$3:$D$94,"") -> Private
A14: 12 | B14: Matam | C14: GIE Alphala | D14: Private | E14: Tracteur | F14: Nabadji Civol | G14: Nabadji | H14: Abdoulaye Gassama | I14: 77 966 50 84 | J14: John Deere | K14: 6125 | L14: D | M14: Function | N14: 2016 | O14: 125 | P14: Offset | Q14: Function | R14: 2016 | T14: {=IFERROR(_xlfn._xlws.FILTER(C14,E14="Tractor"),"")} | V14: {=IFERROR(_xlfn._xlws.FILTER(C14,#REF!="Combine Harvester"),"")} | Y14: Amadou KANE | Z14: =_xlfn.XLOOKUP(Y14,$C$3:$C$94,$D$3:$D$94,"") -> Private
A15: 13 | B15: Kanel | C15: GIE Alla Lewy | D15: Private | E15: Tracteur | F15: Hamady Ounaré | G15: Ndendory | H15: Souleymane Diagana | I15: 77 671 02 95 | J15: VALTRA | K15: BH 165 | M15: Function | N15: 2015 | O15: Moins de 100 | P15: Offset | Q15: Function | R15: 2015 | T15: {=IFERROR(_xlfn._xlws.FILTER(C15,E15="Tractor"),"")} | V15: {=IFERROR(_xlfn._xlws.FILTER(C15,#REF!="Combine Harvester"),"")} | Y15: Bocar DAFF | Z15: =_xlfn.XLOOKUP(Y15,$C$3:$C$94,$D$3:$D$94,"") -> Private
A16: 14 | B16: Matam | C16: GIE Dowourou | D16: Private | E16: Tracteur | F16: Agnam Civol | G16: Agnam/Oréfondé | H16: Abdou Aziz Diop | I16: 77 350 56 60 | J16: John Deere | K16: 6125 | L16: D | M16: Function | N16: 2016 | O16: 125 | P16: Offset | Q16: Function | R16: 2016 | T16: {=IFERROR(_xlfn._xlws.FILTER(C16,E16="Tractor"),"")} | V16: {=IFERROR(_xlfn._xlws.FILTER(C16,#REF!="Combine Harvester"),"")} | Y16: Thierno Hameth SALL | Z16: =_xlfn.XLOOKUP(Y16,$C$3:$C$94,$D$3:$D$94,"") -> Private
A17: 15 | B17: Kanel | C17: Union Hydraulique de Hamady Ounaré | D17: Union | E17: Tracteur | F17: Hamady Ounaré | G17: Ndendory | H17: Abdoulaye KANE | I17: 77 632 39 35 | J17: CASE | K17: 75 | M17: Function | N17: N/A | Q17: N/A | T17: {=IFERROR(_xlfn._xlws.FILTER(C17,E17="Tractor"),"")} | V17: {=IFERROR(_xlfn._xlws.FILTER(C17,#REF!="Combine Harvester"),"")} | Y17: Talla | Z17: =_xlfn.XLOOKUP(Y17,$C$3:$C$94,$D$3:$D$94,"") -> Private
A18: 16 | B18: Matam | C18: GIE Fadigada | D18: Private | E18: Tracteur | F18: Dabia | G18: Dabia | H18: Mamadou Kane | I18: 77 563 64 97 | J18: John Deere | K18: 6125 | L18: D | M18: Function | N18: 2016 | O18: 125 | P18: Offset | Q18: Function | R18: 2016 | T18: {=IFERROR(_xlfn._xlws.FILTER(C18,E18="Tractor"),"")} | V18: {=IFERROR(_xlfn._xlws.FILTER(C18,#REF!="Combine Harvester"),"")} | Y18: Mamadou TALL | Z18: =_xlfn.XLOOKUP(Y18,$C$3:$C$94,$D$3:$D$94,"") -> Private
A19: 17 | B19: Kanel | C19: GIE Dagano | D19: Private | E19: Tracteur | F19: Orkadiéré | G19: Orkadiere | H19: Arona Dagano | I19: 77 693 06 56 | J19: John Deere | K19: 6125 | L19: D | M19: Breakdown | N19: 2008 | O19: 125 | P19: Offset | Q19: Function | R19: 2008 | T19: {=IFERROR(_xlfn._xlws.FILTER(C19,E19="Tractor"),"")} | V19: {=IFERROR(_xlfn._xlws.FILTER(C19,#REF!="Combine Harvester"),"")} | Y19: Docteur DAFF | Z19: =_xlfn.XLOOKUP(Y19,$C$3:$C$94,$D$3:$D$94,"") -> Private
A20: 18 | B20: Matam | C20: GIE Moyyere Thierno Yaya | D20: Private | E20: Tracteur | F20: Nabadji Civol | G20: Nabadji | H20: Oumar Deme | I20: 77 643 65 61 | J20: John Deere | K20: 6125 | L20: D | M20: Function | N20: 2016 | O20: 125 | P20: Offset | Q20: Function | R20: 2016 | T20: {=IFERROR(_xlfn._xlws.FILTER(C20,E20="Tractor"),"")} | V20: {=IFERROR(_xlfn._xlws.FILTER(C20,#REF!="Combine Harvester"),"")} | Y20: Moussa BEYTA | Z20: =_xlfn.XLOOKUP(Y20,$C$3:$C$94,$D$3:$D$94,"") -> Private
A21: 19 | B21: Kanel | C21: GIE Dagano | D21: Private | E21: Tracteur | F21: Orkadiéré | G21: Orkadiere | H21: Arona Dagano | I21: 78 693 06 56 | J21: John Deere | K21: 6125 | L21: D | M21: Breakdown | N21: 2009 | O21: 125 | P21: Offset | Q21: Function | R21: 2009 | T21: {=IFERROR(_xlfn._xlws.FILTER(C21,E21="Tractor"),"")} | V21: {=IFERROR(_xlfn._xlws.FILTER(C21,#REF!="Combine Harvester"),"")} | Y21: GIE Dembacané 2 | Z21: =_xlfn.XLOOKUP(Y21,$C$3:$C$94,$D$3:$D$94,"") -> Private
A22: 20 | B22: Matam | C22: GIE Ndéma | D22: Private | E22: Tracteur | F22: Nabadji Civol | G22: Nabadji | H22: El Hadji Malick Dème | I22: 77 551 73 84 | J22: John Deere | K22: 6125 | L22: D | M22: Function | N22: 2016 | O22: 125 | P22: Offset | Q22: Function | R22: 2016 | T22: {=IFERROR(_xlfn._xlws.FILTER(C22,E22="Tractor"),"")} | V22: {=IFERROR(_xlfn._xlws.FILTER(C22,#REF!="Combine Harvester"),"")} | Y22: GIE Nourou Cheikh Moussa Camara | Z22: =_xlfn.XLOOKUP(Y22,$C$3:$C$94,$D$3:$D$94,"") -> Private
A23: 21 | B23: Kanel | C23: GIE Dagano | D23: Private | E23: Tracteur | F23: Orkadiéré | G23: Orkadiere | H23: Arona Dagano | I23: 79 693 06 56 | J23: John Deere | K23: 6125 | L23: D | M23: Breakdown | N23: 2008 | O23: 125 | P23: Offset | Q23: Function | R23: 2008 | T23: {=IFERROR(_xlfn._xlws.FILTER(C23,E23="Tractor"),"")} | V23: {=IFERROR(_xlfn._xlws.FILTER(C23,#REF!="Combine Harvester"),"")} | Y23: GIE Dagano | Z23: =_xlfn.XLOOKUP(Y23,$C$3:$C$94,$D$3:$D$94,"") -> Private
A24: 22 | B24: Matam | C24: GIE Raky Ganna | D24: Private | E24: Tracteur | F24: Matam | G24: Matam/ogo | H24: Abou Thioub | I24: 77 542 42 88 | J24: VALTRA | K24: 6125 | M24: Function | N24: 2015 | O24: Moins de 100 | P24: Offset | Q24: Function | R24: 2015 | T24: {=IFERROR(_xlfn._xlws.FILTER(C24,E24="Tractor"),"")} | V24: {=IFERROR(_xlfn._xlws.FILTER(C24,#REF!="Combine Harvester"),"")} | Y24: GIE Ganguel | Z24: =_xlfn.XLOOKUP(Y24,$C$3:$C$94,$D$3:$D$94,"") -> Private
A25: 23 | B25: Kanel | C25: GIE Dagano | D25: Private | E25: Tracteur | F25: Orkadiéré | G25: Orkadiere | H25: Arona Dagano | I25: 80 693 06 56 | J25: John Deere | K25: 5410 | M25: Breakdown | N25: 2010 | O25: 125 | P25: Offset | Q25: Function | R25: 2010 | T25: {=IFERROR(_xlfn._xlws.FILTER(C25,E25="Tractor"),"")} | V25: {=IFERROR(_xlfn._xlws.FILTER(C25,#REF!="Combine Harvester"),"")} | Y25: GIE Jokkéré Endam Wendou Bosséabé | Z25: =_xlfn.XLOOKUP(Y25,$C$3:$C$94,$D$3:$D$94,"") -> Private
A26: 24 | B26: Matam | C26: GIE Raky Ganna | D26: Private | E26: Tracteur | F26: Matam | G26: Matam/ogo | H26: Abou Thioub | I26: 78 542 42 88 | J26: John Deere | K26: 6125 | L26: D | M26: Function | N26: 2016 | O26: 125 | P26: Offset | Q26: Function | R26: 2016 | T26: {=IFERROR(_xlfn._xlws.FILTER(C26,E26="Tractor"),"")} | V26: {=IFERROR(_xlfn._xlws.FILTER(C26,#REF!="Combine Harvester"),"")} | Y26: GIE PiP Balel | Z26: =_xlfn.XLOOKUP(Y26,$C$3:$C$94,$D$3:$D$94,"") -> Private
A27: 25 | B27: Kanel | C27: GIE Dagano | D27: Private | E27: Tracteur | F27: Orkadiéré | G27: Orkadiere | H27: Arona Dagano | I27: 81 693 06 56 | J27: John Deere | K27: 5205 | M27: Breakdown | N27: 2008 | O27: 125 | P27: Offset | Q27: Function | R27: 2008 | T27: {=IFERROR(_xlfn._xlws.FILTER(C27,E27="Tractor"),"")} | V27: {=IFERROR(_xlfn._xlws.FILTER(C27,#REF!="Combine Harvester"),"")} | Y27: Mbegnouga et frères | Z27: =_xlfn.XLOOKUP(Y27,$C$3:$C$94,$D$3:$D$94,"") -> Private
A28: 26 | B28: Matam | C28: GIE Sognane et Frères | D28: Private | E28: Tracteur | F28: Nabadji Civol | G28: Nabadji | H28: Maissa Yero Sognane | I28: 77 609 42 72 | J28: John Deere | K28: 6125 | L28: D | M28: Function | N28: 2016 | O28: 125 | P28: Offset | Q28: Function | R28: 2016 | T28: {=IFERROR(_xlfn._xlws.FILTER(C28,E28="Tractor"),"")} | V28: {=IFERROR(_xlfn._xlws.FILTER(C28,#REF!="Combine Harvester"),"")} | Y28: Union Orkadiéré | Z28: =_xlfn.XLOOKUP(Y28,$C$3:$C$94,$D$3:$D$94,"") -> Union
A29: 27 | B29: Kanel | C29: GIE Dagano | D29: Private | E29: Tracteur | F29: Orkadiéré | G29: Orkadiere | H29: Arona Dagano | I29: 82 693 06 56 | J29: John Deere | K29: 4440 | M29: Breakdown | N29: 2009 | O29: 125 | P29: Offset | Q29: Function | R29: 2009 | T29: {=IFERROR(_xlfn._xlws.FILTER(C29,E29="Tractor"),"")} | V29: {=IFERROR(_xlfn._xlws.FILTER(C29,#REF!="Combine Harvester"),"")} | Y29: Famille Mbégnouga | Z29: =_xlfn.XLOOKUP(Y29,$C$3:$C$94,$D$3:$D$94,"") -> Private
A30: 28 | B30: Matam | C30: GIE Townde | D30: Private | E30: Tracteur | F30: Nabadji Civol | G30: Nabadji | H30: Sidy Dème | I30: 77 325 78 39 | J30: John Deere | K30: 6125 | M30: Function | N30: 2016 | O30: 125 | P30: Offset | Q30: Function | R30: 2016 | T30: {=IFERROR(_xlfn._xlws.FILTER(C30,E30="Tractor"),"")} | V30: {=IFERROR(_xlfn._xlws.FILTER(C30,#REF!="Combine Harvester"),"")} | Y30: Thierno Abdoul BA | Z30: =_xlfn.XLOOKUP(Y30,$C$3:$C$94,$D$3:$D$94,"") -> Private
A31: 29 | B31: Kanel | C31: GIE Dagano | D31: Private | E31: Tracteur | F31: Orkadiéré | G31: Orkadiere | H31: Arona Dagano | I31: 83 693 06 56 | J31: John Deere | K31: 553 WIX | M31: Function | N31: 2010 | O31: Moins de 100 | P31: Offset | Q31: Function | R31: 2010 | T31: {=IFERROR(_xlfn._xlws.FILTER(C31,E31="Tractor"),"")} | V31: {=IFERROR(_xlfn._xlws.FILTER(C31,#REF!="Combine Harvester"),"")} | Y31: Samba DIENG | Z31: =_xlfn.XLOOKUP(Y31,$C$3:$C$94,$D$3:$D$94,"") -> Private
A32: 30 | B32: Matam | C32: GIE Townde | D32: Private | E32: Tracteur | F32: Nabadji Civol | G32: Nabadji | H32: Sidy Dème | I32: 78 325 78 39 | J32: TAFE | K32: 1002 4WD | M32: Function | N32: 2017 | O32: 115 | P32: Offset | Q32: Function | R32: 2017 | T32: {=IFERROR(_xlfn._xlws.FILTER(C32,E32="Tractor"),"")} | V32: {=IFERROR(_xlfn._xlws.FILTER(C32,#REF!="Combine Harvester"),"")} | Y32: Association des Agriculteurs de Waoundé | Z32: =_xlfn.XLOOKUP(Y32,$C$3:$C$94,$D$3:$D$94,"") -> Private
A33: 31 | B33: Kanel | C33: GIE Dagano | D33: Private | E33: Tracteur | F33: Orkadiéré | G33: Orkadiere | H33: Arona Dagano | I33: 84 693 06 56 | J33: John Deere | K33: 5410 | M33: Function | N33: 2010 | O33: Moins de 100 | P33: Offset | Q33: Function | R33: 2010 | T33: {=IFERROR(_xlfn._xlws.FILTER(C33,E33="Tractor"),"")} | V33: {=IFERROR(_xlfn._xlws.FILTER(C33,#REF!="Combine Harvester"),"")} | Y33: GIE Waoundé 1 | Z33: =_xlfn.XLOOKUP(Y33,$C$3:$C$94,$D$3:$D$94,"") -> Private
A34: 32 | B34: Matam | C34: GIE Yarnde | D34: Private | E34: Tracteur | F34: Bokidiawé | G34: Bokidiawé | H34: Bokar KANE | I34: 77 563 34 21 | J34: John Deere | K34: 6125 | M34: Function | N34: 2016 | O34: 125 | P34: Offset | Q34: Function | R34: 2016 | T34: {=IFERROR(_xlfn._xlws.FILTER(C34,E34="Tractor"),"")} | V34: {=IFERROR(_xlfn._xlws.FILTER(C34,#REF!="Combine Harvester"),"")} | Y34: BARRO | Z34: =_xlfn.XLOOKUP(Y34,$C$3:$C$94,$D$3:$D$94,"") -> Private
A35: 33 | B35: Kanel | C35: GIE Dagano | D35: Private | E35: Tracteur | F35: Orkadiéré | G35: Orkadiere | H35: Arona Dagano | I35: 85 693 06 56 | J35: John Deere | K35: 6125 | M35: Function | N35: 2010 | O35: 125 | P35: Offset | Q35: Function | R35: 2010 | T35: {=IFERROR(_xlfn._xlws.FILTER(C35,E35="Tractor"),"")} | V35: {=IFERROR(_xlfn._xlws.FILTER(C35,#REF!="Combine Harvester"),"")} | Y35: Mamel DEME | Z35: =_xlfn.XLOOKUP(Y35,$C$3:$C$94,$D$3:$D$94,"") -> Private
A36: 34 | B36: Matam | C36: Harouna DIOP | D36: Union | E36: Tracteur | F36: Nabadji Civol | G36: Nabadji | H36: Harouna DIOP | I36: 775566197 | J36: TAFE | K36: 1002 4WD | M36: Function | N36: 2019 | O36: 100 | P36: Offset | Q36: Function | R36: 2019 | T36: {=IFERROR(_xlfn._xlws.FILTER(C36,E36="Tractor"),"")} | V36: {=IFERROR(_xlfn._xlws.FILTER(C36,#REF!="Combine Harvester"),"")} | Y36: Kisma Delba SOW | Z36: =_xlfn.XLOOKUP(Y36,$C$3:$C$94,$D$3:$D$94,"") -> Private
A37: 35 | B37: Kanel | C37: GIE Dagano | D37: Private | E37: Tracteur | F37: Orkadiéré | G37: Orkadiere | H37: Arona Dagano | I37: 86 693 06 56 | J37: John Deere | K37: 6125 | M37: Function | N37: 2010 | O37: 125 | P37: Offset | Q37: Function | R37: 2010 | T37: {=IFERROR(_xlfn._xlws.FILTER(C37,E37="Tractor"),"")} | V37: {=IFERROR(_xlfn._xlws.FILTER(C37,#REF!="Combine Harvester"),"")} | Y37: Aboubacry Goby BASSOUM | Z37: =_xlfn.XLOOKUP(Y37,$C$3:$C$94,$D$3:$D$94,"") -> Private
A38: 36 | B38: Matam | C38: Mamadou BA | D38: Private | E38: Tracteur | F38: Danthiady | G38: Matam/ogo | H38: Mamadou BA | I38: 776545626 | J38: TAFE | K38: 1002 4WD | M38: Function | N38: 2019 | O38: 100 | P38: Offset | Q38: Function | R38: 2019 | T38: {=IFERROR(_xlfn._xlws.FILTER(C38,E38="Tractor"),"")} | V38: {=IFERROR(_xlfn._xlws.FILTER(C38,#REF!="Combine Harvester"),"")} | Y38: Kadiatou BASSOUM | Z38: =_xlfn.XLOOKUP(Y38,$C$3:$C$94,$D$3:$D$94,"") -> Private
A39: 37 | B39: Kanel | C39: GIE Dembacané 2 | D39: Private | E39: Tracteur | F39: Dembacané | G39: Orkadiere | H39: Baye Soumare | I39: 772769932 | J39: VALTRA | K39: A750 | M39: Function | N39: 2015 | O39: Moins de 100 | P39: Offset | Q39: Function | R39: 2015 | T39: {=IFERROR(_xlfn._xlws.FILTER(C39,E39="Tractor"),"")} | V39: {=IFERROR(_xlfn._xlws.FILTER(C39,#REF!="Combine Harvester"),"")} | Y39: Mamadou Abdoulaye MEYTY | Z39: =_xlfn.XLOOKUP(Y39,$C$3:$C$94,$D$3:$D$94,"") -> Private
A40: 38 | B40: Matam | C40: Mamadou Lamine LY | D40: Private | E40: Tracteur | F40: Bokidiawé | G40: Bokidiawé | H40: Mamadou Lamine LY | I40: 776086580 | J40: TAFE | K40: 1002 4WD | M40: Function | N40: 2019 | O40: 100 | P40: Offset | Q40: Function | R40: 2019 | T40: {=IFERROR(_xlfn._xlws.FILTER(C40,E40="Tractor"),"")} | V40: {=IFERROR(_xlfn._xlws.FILTER(C40,#REF!="Combine Harvester"),"")} | Y40: Abou DIAW | Z40: =_xlfn.XLOOKUP(Y40,$C$3:$C$94,$D$3:$D$94,"") -> Private
A41: 39 | B41: Kanel | C41: GIE Ganguel | D41: Private | E41: Tracteur | F41: Orkadiéré | G41: Orkadiere | H41: Oumar BA | I41: 77 511 88 94 | J41: VALTRA | K41: A750 | M41: Function | N41: 2015 | O41: Moins de 100 | P41: Offset | Q41: Function | R41: 2015 | T41: {=IFERROR(_xlfn._xlws.FILTER(C41,E41="Tractor"),"")} | V41: {=IFERROR(_xlfn._xlws.FILTER(C41,#REF!="Combine Harvester"),"")} | Y41: Abdoulaye Bocar NDIAYE | Z41: =_xlfn.XLOOKUP(Y41,$C$3:$C$94,$D$3:$D$94,"") -> Private
A42: 40 | B42: Matam | C42: Union Bosséa 1 | D42: Union | E42: Tracteur | F42: Bokidiawé | G42: Bokidiawé | H42: Mamoudou TALL | I42: 775654222 | J42: TAFE | K42: 1002 4WD | M42: Function | N42: 2019 | O42: 100 | P42: Offset | Q42: Function | R42: 2019 | T42: {=IFERROR(_xlfn._xlws.FILTER(C42,E42="Tractor"),"")} | V42: {=IFERROR(_xlfn._xlws.FILTER(C42,#REF!="Combine Harvester"),"")} | Y42: GIE Dowourou | Z42: =_xlfn.XLOOKUP(Y42,$C$3:$C$94,$D$3:$D$94,"") -> Private
A43: 41 | B43: Kanel | C43: GIE Jokkéré Endam Wendou Bosséabé | D43: Private | E43: Tracteur | F43: Orkadiéré | G43: Orkadiere | H43: Alassane Dia | I43: 77 564 38 05 | J43: John Deere | K43: 6125 | M43: Function | N43: 2016 | O43: 125 | P43: Offset | Q43: Function | R43: 2016 | T43: {=IFERROR(_xlfn._xlws.FILTER(C43,E43="Tractor"),"")} | V43: {=IFERROR(_xlfn._xlws.FILTER(C43,#REF!="Combine Harvester"),"")} | Y43: Dieynaba Abdoul SY | Z43: =_xlfn.XLOOKUP(Y43,$C$3:$C$94,$D$3:$D$94,"") -> Private
A44: 42 | B44: Matam | C44: Mouhamadou Malick SALL | D44: Private | E44: Tracteur | F44: Ogo | G44: Matam/ogo | H44: Mouhamadou Malick SALL | I44: 775285770 | J44: TAFE | K44: 1002 4WD | M44: Function | N44: 2019 | O44: 100 | P44: Offset | Q44: Function | R44: 2019 | T44: {=IFERROR(_xlfn._xlws.FILTER(C44,E44="Tractor"),"")} | V44: {=IFERROR(_xlfn._xlws.FILTER(C44,#REF!="Combine Harvester"),"")} | Y44: Mamadou Lamine LY | Z44: =_xlfn.XLOOKUP(Y44,$C$3:$C$94,$D$3:$D$94,"") -> Private
A45: 43 | B45: Kanel | C45: GIE Ngano | D45: Private | E45: Tracteur | F45: Ndendory | G45: Ndendory | H45: Issaga Mamadou Diop | I45: 77 563 85 20 | J45: John Deere | K45: 6125 | M45: Breakdown | N45: 2016 | O45: 125 | P45: Offset | Q45: Function | R45: 2016 | T45: {=IFERROR(_xlfn._xlws.FILTER(C45,E45="Tractor"),"")} | V45: {=IFERROR(_xlfn._xlws.FILTER(C45,#REF!="Combine Harvester"),"")} | Y45: Union Bosséa 1 | Z45: =_xlfn.XLOOKUP(Y45,$C$3:$C$94,$D$3:$D$94,"") -> Union
A46: 44 | B46: Matam | C46: Thierno Aliou Thiam | D46: Private | E46: Tracteur | F46: Ourossogui | G46: Matam/ogo | H46: Thierno Aliou Thiam | I46: 77 559 59 45 | J46: John Deere | K46: 6125 | M46: Function | N46: 2016 | O46: 125 | P46: Offset | Q46: Function | R46: 2016 | T46: {=IFERROR(_xlfn._xlws.FILTER(C46,E46="Tractor"),"")} | V46: {=IFERROR(_xlfn._xlws.FILTER(C46,#REF!="Combine Harvester"),"")} | Y46: Union du Casier Doumga Ouro Thierno | Z46: =_xlfn.XLOOKUP(Y46,$C$3:$C$94,$D$3:$D$94,"") -> Union
A47: 45 | B47: Kanel | C47: GIE Nourou Cheikh Moussa Camara | D47: Private | E47: Tracteur | F47: Orkadiéré | G47: Orkadiere | H47: Ismaila Sadou Camara | I47: 77 148 19 18 | J47: John Deere | K47: 6125 | M47: Function | N47: 2016 | O47: 125 | P47: Offset | Q47: Function | R47: 2016 | T47: {=IFERROR(_xlfn._xlws.FILTER(C47,E47="Tractor"),"")} | V47: {=IFERROR(_xlfn._xlws.FILTER(C47,#REF!="Combine Harvester"),"")} | Y47: Makhana Diéri | Z47: =_xlfn.XLOOKUP(Y47,$C$3:$C$94,$D$3:$D$94,"") -> Private
A48: 46 | B48: Matam | C48: Union Hydraulique de Matam | D48: Union | E48: Tracteur | F48: Matam | G48: Matam/ogo | H48: Cheikh GUEYE | I48: 77 560 39 44 | J48: VALTRA | K48: BM125 I | M48: Breakdown | N48: 2015 | O48: Autre | P48: Offset | Q48: Function | R48: 2015 | T48: {=IFERROR(_xlfn._xlws.FILTER(C48,E48="Tractor"),"")} | V48: {=IFERROR(_xlfn._xlws.FILTER(C48,#REF!="Combine Harvester"),"")} | Y48: Mouhamed WAGUE | Z48: =_xlfn.XLOOKUP(Y48,$C$3:$C$94,$D$3:$D$94,"") -> Private
A49: 47 | B49: Kanel | C49: GIE PiP Balel | D49: Private | E49: Tracteur | F49: Orkadiéré | G49: Orkadiere | H49: Djiby SOW | I49: 77 528 37 76 | J49: John Deere | K49: 6125 | M49: Function | N49: 2016 | O49: 125 | P49: Offset | Q49: Function | R49: 2016 | T49: {=IFERROR(_xlfn._xlws.FILTER(C49,E49="Tractor"),"")} | V49: {=IFERROR(_xlfn._xlws.FILTER(C49,#REF!="Combine Harvester"),"")} | Y49: Union de Sadel | Z49: =_xlfn.XLOOKUP(Y49,$C$3:$C$94,$D$3:$D$94,"") -> Union
A50: 48 | B50: Matam | C50: Union Hydraulique de Matam | D50: Union | E50: Tracteur | F50: Matam | G50: Matam/ogo | H50: Cheikh GUEYE | I50: 78 560 39 44 | J50: TAFE | K50: 1002 4WD | M50: Breakdown | N50: 2019 | O50: Autre | P50: Offset | Q50: Function | R50: 2019 | T50: {=IFERROR(_xlfn._xlws.FILTER(C50,E50="Tractor"),"")} | V50: {=IFERROR(_xlfn._xlws.FILTER(C50,#REF!="Combine Harvester"),"")} | Y50: Union des GIE de Dondou | Z50: =_xlfn.XLOOKUP(Y50,$C$3:$C$94,$D$3:$D$94,"") -> Union
A51: 49 | B51: Kanel | C51: GIE Waoundé 1 | D51: Private | E51: Tracteur | F51: Waoundé | G51: Orkadiere | H51: Samba Camera | I51: 77 562 49 16 | J51: TAFE | K51: 1002 4WD | M51: Function | N51: 2019 | O51: 100 | P51: Offset | Q51: Function | R51: 2019 | T51: {=IFERROR(_xlfn._xlws.FILTER(C51,E51="Tractor"),"")} | V51: {=IFERROR(_xlfn._xlws.FILTER(C51,#REF!="Combine Harvester"),"")} | Y51: Union Kawral Rémobé Nguénar | Z51: =_xlfn.XLOOKUP(Y51,$C$3:$C$94,$D$3:$D$94,"") -> Private
A52: 50 | B52: Matam | C52: Union de Sadel | D52: Union | E52: Tracteur | F52: Bokidiawé | G52: Bokidiawé | H52: Demba NDIAYE | I52: 77 261 55 71 | J52: Massey Ferguson | K52: 5365 | M52: Function | N52: 2017 | O52: 125 | P52: Offset | Q52: Function | R52: 2017 | T52: {=IFERROR(_xlfn._xlws.FILTER(C52,E52="Tractor"),"")} | V52: {=IFERROR(_xlfn._xlws.FILTER(C52,#REF!="Combine Harvester"),"")} | Y52: GIE Yarnde | Z52: =_xlfn.XLOOKUP(Y52,$C$3:$C$94,$D$3:$D$94,"") -> Private
A53: 51 | B53: Kanel | C53: Kadiatou BASSOUM | D53: Private | E53: Tracteur | F53: Kanel | G53: Wouro Sidy | H53: Kadiatou BASSOUM | I53: 772166493 | J53: TAFE | K53: 1002 4WD | M53: Breakdown | N53: 2019 | O53: 100 | P53: Offset | Q53: Function | R53: 2019 | T53: {=IFERROR(_xlfn._xlws.FILTER(C53,E53="Tractor"),"")} | V53: {=IFERROR(_xlfn._xlws.FILTER(C53,#REF!="Combine Harvester"),"")} | Y53: Union des GIE de DIAL | Z53: =_xlfn.XLOOKUP(Y53,$C$3:$C$94,$D$3:$D$94,"") -> Union
A54: 52 | B54: Matam | C54: Union de Sadel | D54: Union | E54: Tracteur | F54: Bokidiawé | G54: Bokidiawé | H54: Demba NDIAYE | I54: 78 261 55 71 | J54: VALTRA | K54: BM125 I | M54: Function | N54: 2015 | O54: Moins de 100 | P54: Offset | Q54: Function | R54: 2015 | T54: {=IFERROR(_xlfn._xlws.FILTER(C54,E54="Tractor"),"")} | V54: {=IFERROR(_xlfn._xlws.FILTER(C54,#REF!="Combine Harvester"),"")} | Y54: GIE Fadigada | Z54: =_xlfn.XLOOKUP(Y54,$C$3:$C$94,$D$3:$D$94,"") -> Private
A55: 53 | B55: Kanel | C55: Kisma Delba SOW | D55: Private | E55: Tracteur | F55: Kanel | G55: Wouro Sidy | H55: Kisma Delba SOW | I55: 775487856 | J55: TAFE | K55: 1002 4WD | M55: Function | N55: 2019 | O55: 100 | P55: Offset | Q55: Function | R55: 2019 | T55: {=IFERROR(_xlfn._xlws.FILTER(C55,E55="Tractor"),"")} | V55: {=IFERROR(_xlfn._xlws.FILTER(C55,#REF!="Combine Harvester"),"")} | Y55: Union Hydraulique de Kobilo | Z55: =_xlfn.XLOOKUP(Y55,$C$3:$C$94,$D$3:$D$94,"") -> Union
A56: 54 | B56: Matam | C56: Union des GIE de DIAL | D56: Union | E56: Tracteur | F56: Dabia | G56: Dabia | H56: Abdourahmane Samba Diew | I56: 77 169 59 28 | J56: John Deere | K56: 6125 | M56: Function | N56: 2016 | O56: 125 | P56: Offset | Q56: Function | R56: 2016 | T56: {=IFERROR(_xlfn._xlws.FILTER(C56,E56="Tractor"),"")} | V56: {=IFERROR(_xlfn._xlws.FILTER(C56,#REF!="Combine Harvester"),"")} | Y56: Yaya Abdoul KANE | Z56: =_xlfn.XLOOKUP(Y56,$C$3:$C$94,$D$3:$D$94,"") -> Private
A57: 55 | B57: Kanel | C57: Mamadou Abdoulaye MEYTY | D57: Private | E57: Tracteur | F57: Kanel | G57: Wouro Sidy | H57: Mamadou Abdoulaye MEYTY | I57: 7763665586 | J57: TAFE | K57: 1002 4WD | M57: Function | N57: 2019 | O57: 100 | P57: Offset | Q57: Function | R57: 2019 | T57: {=IFERROR(_xlfn._xlws.FILTER(C57,E57="Tractor"),"")} | V57: {=IFERROR(_xlfn._xlws.FILTER(C57,#REF!="Combine Harvester"),"")} | Y57: Mamadou BA | Z57: =_xlfn.XLOOKUP(Y57,$C$3:$C$94,$D$3:$D$94,"") -> Private
A58: 56 | B58: Matam | C58: Union des GIE de Dondou | D58: Union | E58: Tracteur | F58: Bokidiawé | G58: Bokidiawé | H58: Mamadou GUEE | I58: 77 508 43 19 | J58: John Deere | K58: 6125 | M58: Function | N58: 2015 | O58: 125 | P58: Offset | Q58: Function | R58: 2015 | T58: {=IFERROR(_xlfn._xlws.FILTER(C58,E58="Tractor"),"")} | V58: {=IFERROR(_xlfn._xlws.FILTER(C58,#REF!="Combine Harvester"),"")} | Y58: GIE Raky Ganna | Z58: =_xlfn.XLOOKUP(Y58,$C$3:$C$94,$D$3:$D$94,"") -> Private
A59: 57 | B59: Kanel | C59: Thierno Hameth SALL | D59: Private | E59: Tracteur | F59: Sinthiou Bamambé | G59: Ndendory | H59: Thierno Hameth SALL | I59: 775360437 | J59: TAFE | K59: 1002 4WD | M59: Function | N59: 2019 | O59: 100 | P59: Offset | Q59: Function | R59: 2019 | T59: {=IFERROR(_xlfn._xlws.FILTER(C59,E59="Tractor"),"")} | V59: {=IFERROR(_xlfn._xlws.FILTER(C59,#REF!="Combine Harvester"),"")} | Y59: Union Hydraulique de Matam | Z59: =_xlfn.XLOOKUP(Y59,$C$3:$C$94,$D$3:$D$94,"") -> Union
A60: 58 | B60: Matam | C60: Union du Casier Doumga Ouro Thierno | D60: Union | E60: Tracteur | F60: Bokidiawé | G60: Bokidiawé | H60: Amadou SALL | I60: 77 143 98 78 | J60: Massey Ferguson | K60: 5365 | M60: Function | N60: 2020 | O60: 125 | P60: Offset | Q60: Function | R60: 2020 | T60: {=IFERROR(_xlfn._xlws.FILTER(C60,E60="Tractor"),"")} | V60: {=IFERROR(_xlfn._xlws.FILTER(C60,#REF!="Combine Harvester"),"")} | Y60: Ibrahima THIOUB | Z60: =_xlfn.XLOOKUP(Y60,$C$3:$C$94,$D$3:$D$94,"") -> Private
A61: 59 | B61: Kanel | C61: Union des GIE de Diamoungeul 1 et 2 | D61: Union | E61: Tracteur | F61: Aouré | G61: Aouré | H61: Adama Diallo | I61: 77 526 26 72 | J61: John Deere | K61: 6125 | M61: Breakdown | N61: 2015 | O61: 125 | P61: Offset | Q61: Function | R61: 2015 | T61: {=IFERROR(_xlfn._xlws.FILTER(C61,E61="Tractor"),"")} | V61: {=IFERROR(_xlfn._xlws.FILTER(C61,#REF!="Combine Harvester"),"")} | Y61: Demba Gatta THIOUB | Z61: =_xlfn.XLOOKUP(Y61,$C$3:$C$94,$D$3:$D$94,"") -> Private
A62: 60 | B62: Matam | C62: Union Hydraulique de Kobilo | D62: Union | E62: Tracteur | F62: Dabia | G62: Dabia | H62: Mamoudou Kane | I62: 77 563 93 21 | J62: VALTRA | K62: A750 | M62: Function | N62: 2015 | O62: Autre | P62: Offset | Q62: Function | R62: 2015 | T62: {=IFERROR(_xlfn._xlws.FILTER(C62,E62="Tractor"),"")} | V62: {=IFERROR(_xlfn._xlws.FILTER(C62,#REF!="Combine Harvester"),"")} | Y62: Mouhamadou Malick SALL | Z62: =_xlfn.XLOOKUP(Y62,$C$3:$C$94,$D$3:$D$94,"") -> Private
A63: 61 | B63: Kanel | C63: Union Hydraulique de Dolol/Wodobéré | D63: Union | E63: Tracteur | F63: Hamady Ounaré | G63: Ndendory | H63: Seydou SOW | I63: 78 336 23 42 | J63: John Deere | K63: 6125 | M63: Breakdown | N63: 2016 | O63: Autre | P63: Offset | Q63: Function | R63: 2016 | T63: {=IFERROR(_xlfn._xlws.FILTER(C63,E63="Tractor"),"")} | V63: {=IFERROR(_xlfn._xlws.FILTER(C63,#REF!="Combine Harvester"),"")} | Y63: Union Régionale des Interprofessionnels de Semences (URIS) | Z63: =_xlfn.XLOOKUP(Y63,$C$3:$C$94,$D$3:$D$94,"") -> Private
A64: 62 | B64: Matam | C64: Union Hydraulique de Kobilo | D64: Union | E64: Tracteur | F64: Dabia | G64: Dabia | H64: Mamoudou Kane | I64: 78 563 93 21 | J64: John Deere | K64: 6125 | L64: D | M64: Function | N64: 2015 | O64: Autre | P64: Offset | Q64: Function | R64: 2015 | T64: {=IFERROR(_xlfn._xlws.FILTER(C64,E64="Tractor"),"")} | V64: {=IFERROR(_xlfn._xlws.FILTER(C64,#REF!="Combine Harvester"),"")} | Y64: Thierno Aliou Thiam | Z64: =_xlfn.XLOOKUP(Y64,$C$3:$C$94,$D$3:$D$94,"") -> Private
A65: 63 | B65: Kanel | C65: Union Hydraulique de Hamady Ounaré | D65: Union | E65: Tracteur | F65: Hamady Ounaré | G65: Ndendory | H65: Abdoulaye KANE | I65: 77 632 39 35 | J65: John Deere | K65: 6125 | L65: D | M65: Function | N65: 2016 | O65: 125 | P65: Offset | Q65: Function | R65: 2016 | T65: {=IFERROR(_xlfn._xlws.FILTER(C65,E65="Tractor"),"")} | V65: {=IFERROR(_xlfn._xlws.FILTER(C65,#REF!="Combine Harvester"),"")} | Y65: Abdoulaye Djiby THIAM | Z65: =_xlfn.XLOOKUP(Y65,$C$3:$C$94,$D$3:$D$94,"") -> Private
A66: 64 | B66: Matam | C66: Ibrahima THIOUB | D66: Private | E66: Tracteur | F66: Matam | G66: Matam/ogo | H66: Ibrahima THIOUB | I66: 775240412 | J66: VALTRA | K66: A750 | M66: Function | N66: 2015 | O66: Autre | P66: Offset | Q66: Function | R66: 2015 | T66: {=IFERROR(_xlfn._xlws.FILTER(C66,E66="Tractor"),"")} | V66: {=IFERROR(_xlfn._xlws.FILTER(C66,#REF!="Combine Harvester"),"")} | Y66: Comité de Gestion de Koundel 3 | Z66: =_xlfn.XLOOKUP(Y66,$C$3:$C$94,$D$3:$D$94,"") -> Private
A67: 65 | B67: Kanel | C67: Mbegnouga et frères | D67: Private | E67: Tracteur | F67: Orkadiéré | G67: Orkadiere | H67: Mamadou Mbegnouga | I67: 775133615 | J67: TAFE | K67: 1002 4WD | M67: Function | N67: 2019 | O67: 100 | P67: Offset | Q67: Function | R67: 2019 | T67: {=IFERROR(_xlfn._xlws.FILTER(C67,E67="Tractor"),"")} | V67: {=IFERROR(_xlfn._xlws.FILTER(C67,#REF!="Combine Harvester"),"")} | Y67: Comité de Gestion de Woudourou 1 | Z67: =_xlfn.XLOOKUP(Y67,$C$3:$C$94,$D$3:$D$94,"") -> Private
A68: 66 | B68: Matam | C68: Union Hydraulique de Ndouloumadji | D68: Union | E68: Tracteur | F68: Nabadji Civol | G68: Nabadji | H68: Adama Ndiaye | I68: 77 247 11 60 | J68: John Deere | K68: 6125 | L68: D | M68: Function | N68: 2016 | O68: 120 | P68: Offset | Q68: Function | R68: 2016 | T68: {=IFERROR(_xlfn._xlws.FILTER(C68,E68="Tractor"),"")} | V68: {=IFERROR(_xlfn._xlws.FILTER(C68,#REF!="Combine Harvester"),"")} | Y68: Déworoy Jokkéré Endam | Z68: =_xlfn.XLOOKUP(Y68,$C$3:$C$94,$D$3:$D$94,"") -> Private
A69: 67 | B69: Kanel | C69: Union Orkadiéré | D69: Union | E69: Tracteur | F69: Orkadiéré | G69: Orkadiere | H69: Mamadou Mbegnouga | I69: 77 513 36 15 | J69: VALTRA | K69: A750 | M69: Function | N69: 2015 | O69: Moins de 100 | P69: Offset | Q69: Function | R69: 2015 | T69: {=IFERROR(_xlfn._xlws.FILTER(C69,E69="Tractor"),"")} | V69: {=IFERROR(_xlfn._xlws.FILTER(C69,#REF!="Combine Harvester"),"")} | Y69: GIE Alphala | Z69: =_xlfn.XLOOKUP(Y69,$C$3:$C$94,$D$3:$D$94,"") -> Private
A70: 68 | B70: Matam | C70: Union Kawral Rémobé Nguénar | D70: Private | E70: Tracteur | F70: Bokidiawé | G70: Bokidiawé | H70: Birane Hamet Diack (remplacé par sa femme) | I70: 77 995 07 16 | J70: John Deere | K70: 6125 | L70: D | M70: Function | N70: 2015 | O70: 125 | P70: Offset | Q70: N/A | T70: {=IFERROR(_xlfn._xlws.FILTER(C70,E70="Tractor"),"")} | V70: {=IFERROR(_xlfn._xlws.FILTER(C70,#REF!="Combine Harvester"),"")} | Y70: GIE Moyyere Thierno Yaya | Z70: =_xlfn.XLOOKUP(Y70,$C$3:$C$94,$D$3:$D$94,"") -> Private
A71: 69 | B71: Kanel | C71: Union Orkadiéré | D71: Union | E71: Tracteur | F71: Orkadiéré | G71: Orkadiere | H71: Mamadou Mbegnouga | I71: 78 513 36 15 | J71: John Deere | K71: 6125 | M71: Breakdown | N71: 2017 | O71: 125 | P71: Offset | Q71: Function | R71: 2017 | T71: {=IFERROR(_xlfn._xlws.FILTER(C71,E71="Tractor"),"")} | V71: {=IFERROR(_xlfn._xlws.FILTER(C71,#REF!="Combine Harvester"),"")} | Y71: GIE Ndéma | Z71: =_xlfn.XLOOKUP(Y71,$C$3:$C$94,$D$3:$D$94,"") -> Private
A72: 70 | B72: Matam | C72: Union Régionale des Interprofessionnels de Semences (URIS) | D72: Private | E72: Tracteur | F72: Ourossogui | G72: Matam/ogo | H72: Mamadou NDIADE | I72: 776391268 | J72: TAFE | K72: 1002 4WD | M72: Function | N72: 2019 | O72: 100 | P72: Offset | Q72: Function | R72: 2019 | T72: {=IFERROR(_xlfn._xlws.FILTER(C72,E72="Tractor"),"")} | V72: {=IFERROR(_xlfn._xlws.FILTER(C72,#REF!="Combine Harvester"),"")} | Y72: GIE Sognane et Frères | Z72: =_xlfn.XLOOKUP(Y72,$C$3:$C$94,$D$3:$D$94,"") -> Private
A73: 71 | B73: Kanel | C73: Abdoulaye KANE | D73: Private | E73: Tracteur | F73: Hamady Ounaré | G73: Ndendory | H73: Abdoulaye KANE | I73: 77 632 39 35 | J73: VALTRA | K73: A750 | M73: Function | N73: 2016 | O73: Moins de 100 | P73: Offset | Q73: N/A | R73: N/A | T73: {=IFERROR(_xlfn._xlws.FILTER(C73,E73="Tractor"),"")} | V73: {=IFERROR(_xlfn._xlws.FILTER(C73,#REF!="Combine Harvester"),"")} | Y73: GIE Townde | Z73: =_xlfn.XLOOKUP(Y73,$C$3:$C$94,$D$3:$D$94,"") -> Private
A74: 72 | B74: Matam | C74: Union Régionale des Interprofessionnels de Semences (URIS) | D74: Private | E74: Tracteur | F74: Ourossogui | G74: Matam/ogo | H74: Mamadou NDIADE | I74: 776391269 | J74: John Deere | K74: 6125 | M74: Function | N74: 2015 | O74: 125 | P74: Offset | Q74: Function | R74: 2015 | T74: {=IFERROR(_xlfn._xlws.FILTER(C74,E74="Tractor"),"")} | V74: {=IFERROR(_xlfn._xlws.FILTER(C74,#REF!="Combine Harvester"),"")} | Y74: Union Hydraulique de Ndouloumadji | Z74: =_xlfn.XLOOKUP(Y74,$C$3:$C$94,$D$3:$D$94,"") -> Union
A75: 73 | B75: Kanel | C75: Abdoulaye KANE | D75: Private | E75: Tracteur | F75: Hamady Ounaré | G75: Ndendory | H75: Abdoulaye KANE | I75: 77 632 39 35 | J75: John Deere | K75: 6125 | M75: Function | N75: 2016 | O75: 125 | P75: Aucun matériel | Q75: N/A | R75: N/A | T75: {=IFERROR(_xlfn._xlws.FILTER(C75,E75="Tractor"),"")} | V75: {=IFERROR(_xlfn._xlws.FILTER(C75,#REF!="Combine Harvester"),"")} | Y75: Harouna DIOP | Z75: =_xlfn.XLOOKUP(Y75,$C$3:$C$94,$D$3:$D$94,"") -> Union
A76: 74 | B76: Matam | C76: Makhana Diéri | D76: Private | E76: Tracteur | F76: Bokidiawé | G76: Bokidiawé | H76: Yaya PAM | I76: 783251079 | J76: TAFE | K76: 1002 4WD | M76: Function | N76: 2019 | O76: 100 | P76: Offset | Q76: Function | R76: 2019 | T76: {=IFERROR(_xlfn._xlws.FILTER(C76,E76="Tractor"),"")} | V76: {=IFERROR(_xlfn._xlws.FILTER(C76,#REF!="Combine Harvester"),"")}
A77: 75 | B77: Kanel | C77: Amadou KANE | D77: Private | E77: Tracteur | F77: Ndendory | G77: Ndendory | H77: Amadou KANE | I77: 78 479 60 40 | J77: Autre | K77: YUTONG | M77: Function | N77: 2017 | P77: Offset | Q77: Function | R77: 2017 | T77: {=IFERROR(_xlfn._xlws.FILTER(C77,E77="Tractor"),"")} | V77: {=IFERROR(_xlfn._xlws.FILTER(C77,#REF!="Combine Harvester"),"")} | Y77: Union | Z77: =COUNTIF($Z$3:$Z$75,Y77) -> 14 | AA77: Union | AB77: =COUNTIF($AB$3:$AB$75,AA77) -> 4
A78: 76 | B78: Matam | C78: Mouhamed WAGUE | D78: Private | E78: Tracteur | F78: Bokidiawé | G78: Bokidiawé | H78: Mouhamed WAGUE | I78: 775630834 | J78: TAFE | K78: 1002 4WD | M78: Function | N78: 2019 | O78: Moins de 100 | P78: Offset | Q78: Function | R78: 2019 | T78: {=IFERROR(_xlfn._xlws.FILTER(C78,E78="Tractor"),"")} | V78: {=IFERROR(_xlfn._xlws.FILTER(C78,#REF!="Combine Harvester"),"")} | Y78: Private | Z78: =COUNTIF($Z$3:$Z$75,Y78) -> 59 | AA78: Private | AB78: =COUNTIF($AB$3:$AB$75,AA78) -> 4
A79: 77 | B79: Kanel | C79: Amadou KANE | D79: Private | E79: Tracteur | F79: Ndendory | G79: Ndendory | H79: Amadou KANE | I79: 78 479 60 40 | J79: Autre | K79: YUTONG | M79: Function | N79: 2017 | P79: Offset | Q79: Function | R79: 2017 | T79: {=IFERROR(_xlfn._xlws.FILTER(C79,E79="Tractor"),"")} | V79: {=IFERROR(_xlfn._xlws.FILTER(C79,#REF!="Combine Harvester"),"")}
A80: 78 | B80: Matam | C80: Yaya Abdoul KANE | D80: Private | E80: Tracteur | F80: Dabia | G80: Dabia | H80: KANE ANCAR | I80: 775604264 | J80: John Deere | K80: 6125 | M80: Function | N80: 2019 | O80: 125 | P80: Offset | Q80: Function | R80: 2019 | T80: {=IFERROR(_xlfn._xlws.FILTER(C80,E80="Tractor"),"")} | V80: {=IFERROR(_xlfn._xlws.FILTER(C80,#REF!="Combine Harvester"),"")}
A81: 79 | B81: Kanel | C81: Famille Mbégnouga | D81: Private | E81: Tracteur | F81: Orkadiéré | G81: Orkadiere | H81: Adama Mbégnouga | I81: 77 563 94 83 | J81: TAFE | K81: 1002 4WD | M81: Function | N81: N/A | O81: 100 | Q81: N/A | R81: N/A | T81: {=IFERROR(_xlfn._xlws.FILTER(C81,E81="Tractor"),"")} | V81: {=IFERROR(_xlfn._xlws.FILTER(C81,#REF!="Combine Harvester"),"")}
A82: 80 | B82: Matam | C82: Demba Gatta THIOUB | D82: Private | E82: Tracteur | F82: Matam | G82: Matam/ogo | H82: Demba Gatta THIOUB | I82: 775712977 | M82: N/A | N82: N/A | T82: {=IFERROR(_xlfn._xlws.FILTER(C82,E82="Tractor"),"")} | V82: {=IFERROR(_xlfn._xlws.FILTER(C82,#REF!="Combine Harvester"),"")}
A83: 81 | B83: Kanel | C83: Thierno Abdoul BA | D83: Private | E83: Tracteur | F83: Orkadiéré | G83: Orkadiere | H83: Thierno Abdoul BA | I83: 77 131 12 25 | J83: TAFE | K83: 1002 4WD | M83: Function | N83: N/A | O83: Moins de 100 | Q83: N/A | R83: N/A | T83: {=IFERROR(_xlfn._xlws.FILTER(C83,E83="Tractor"),"")} | V83: {=IFERROR(_xlfn._xlws.FILTER(C83,#REF!="Combine Harvester"),"")}
A84: 82 | B84: Kanel | C84: DIENG et Fammile | D84: Private | E84: Tracteur | F84: Aouré | G84: Aouré | H84: DIENG | I84: 77 674 88 65 | J84: TAFE | K84: 1002 4WD | M84: N/A | N84: N/A | O84: 100 | Q84: N/A | R84: N/A | T84: {=IFERROR(_xlfn._xlws.FILTER(C84,E84="Tractor"),"")} | V84: {=IFERROR(_xlfn._xlws.FILTER(C84,#REF!="Combine Harvester"),"")}
A85: 83 | B85: Kanel | C85: Samba KANE | D85: Private | E85: Tracteur | F85: Semmé | G85: Aouré | H85: Samba KANE | I85: 77 638 56 06 | J85: John Deere | K85: 6125 | M85: N/A | N85: N/A | O85: 125 | Q85: N/A | R85: N/A | T85: {=IFERROR(_xlfn._xlws.FILTER(C85,E85="Tractor"),"")} | V85: {=IFERROR(_xlfn._xlws.FILTER(C85,#REF!="Combine Harvester"),"")}
A86: 84 | B86: Kanel | C86: Talla | D86: Private | E86: Tracteur | F86: Sinthiou Bamambé | G86: Ndendory | H86: Talla | I86: 77 268 34 66 | J86: TAFE | K86: 1002 4WD | M86: Function | N86: N/A | O86: 100 | Q86: N/A | R86: N/A | T86: {=IFERROR(_xlfn._xlws.FILTER(C86,E86="Tractor"),"")} | V86: {=IFERROR(_xlfn._xlws.FILTER(C86,#REF!="Combine Harvester"),"")}
A87: 85 | B87: Kanel | C87: Mamadou TALL | D87: Private | E87: Tracteur | F87: Sinthiou Bamambé | G87: Ndendory | H87: Mmadou TALL | I87: 77 626 18 08 | J87: RENAULT | K87: 80DT | M87: Breakdown | N87: N/A | Q87: N/A | R87: N/A | T87: {=IFERROR(_xlfn._xlws.FILTER(C87,E87="Tractor"),"")} | V87: {=IFERROR(_xlfn._xlws.FILTER(C87,#REF!="Combine Harvester"),"")}
A88: 86 | B88: Kanel | C88: Docteur DAFF | D88: Private | E88: Tracteur | F88: Sinthiou Bamambé | G88: Ndendory | H88: Docteur DAFF | J88: TAFE | K88: 1002 4WD | M88: Function | N88: N/A | O88: 100 | Q88: N/A | R88: N/A | T88: {=IFERROR(_xlfn._xlws.FILTER(C88,E88="Tractor"),"")} | V88: {=IFERROR(_xlfn._xlws.FILTER(C88,#REF!="Combine Harvester"),"")}
A89: 87 | B89: Kanel | C89: Samba DIENG | D89: Private | E89: Tracteur | F89: Walel | G89: Orkadiere | H89: Samba DIENG | I89: 77 674 88 65 | J89: TAFE | K89: 1002 4WD | M89: Function | N89: N/A | O89: 100 | Q89: N/A | R89: N/A | T89: {=IFERROR(_xlfn._xlws.FILTER(C89,E89="Tractor"),"")} | V89: {=IFERROR(_xlfn._xlws.FILTER(C89,#REF!="Combine Harvester"),"")}
A90: 88 | B90: Kanel | C90: BARRO | D90: Private | E90: Tracteur | F90: Dialloubé | G90: Semmé | H90: barro | I90: 78 112 38 44 | J90: Foton | K90: X1254 | L90: YTO 31911728 | M90: Function | N90: N/A | Q90: N/A | R90: N/A | T90: {=IFERROR(_xlfn._xlws.FILTER(C90,E90="Tractor"),"")} | V90: {=IFERROR(_xlfn._xlws.FILTER(C90,#REF!="Combine Harvester"),"")}
A91: 89 | B91: Kanel | C91: Mamel DEME | D91: Private | E91: Tracteur | F91: Doundé | G91: Semmé | H91: Mamel DEME | I91: 77 857 83 18 | J91: SONOLIKA | M91: N/A | N91: N/A | Q91: N/A | R91: N/A | T91: {=IFERROR(_xlfn._xlws.FILTER(C91,E91="Tractor"),"")} | V91: {=IFERROR(_xlfn._xlws.FILTER(C91,#REF!="Combine Harvester"),"")}
A92: 90 | B92: Kanel | C92: Oumar Aguibou SOW | D92: Union | E92: Tracteur | F92: Aouré | G92: Aouré | H92: Oumar Aguibou SOW | I92: 77 048 13 19 | J92: Foton (2) | K92: X1254 | L92: YTO 31911728 | M92: N/A | N92: N/A | Q92: N/A | R92: N/A | T92: {=IFERROR(_xlfn._xlws.FILTER(C92,E92="Tractor"),"")} | V92: {=IFERROR(_xlfn._xlws.FILTER(C92,#REF!="Combine Harvester"),"")}
A93: 91 | B93: Kanel | C93: Moussa BEYTA | D93: Private | E93: Tracteur | F93: Wendou nody | G93: Ndendory | H93: Moussa BEYTA | I93: 77 089 24 99 | J93: TAFE | K93: 1002 4WD | M93: Function | N93: N/A | O93: 100 | Q93: N/A | R93: N/A | T93: {=IFERROR(_xlfn._xlws.FILTER(C93,E93="Tractor"),"")} | V93: {=IFERROR(_xlfn._xlws.FILTER(C93,#REF!="Combine Harvester"),"")}
A94: 92 | B94: Kanel | C94: Harouna | D94: Private | E94: Tracteur | F94: Semmé | G94: Aouré | H94: harouna | I94: 77 931 16 28 | J94: New holland | K94: T6050 | M94: Function | N94: N/A | O94: 100 | Q94: N/A | R94: N/A | T94: {=IFERROR(_xlfn._xlws.FILTER(C94,E94="Tractor"),"")} | V94: {=IFERROR(_xlfn._xlws.FILTER(C94,#REF!="Combine Harvester"),"")}
A95: 93 | B95: Kanel | C95: GIE Dagano | D95: Private | E95: Moissonneuse Batteuse | F95: Orkadiéré | G95: Orkadiere | H95: Arona Dagano | I95: 77 693 06 56 | J95: ZOOMLION | K95: 4LZT-4.0ZT | M95: Breakdown | N95: 2019 | O95: Autre
A96: 94 | B96: Kanel | C96: GIE Dagano | D96: Private | E96: Moissonneuse Batteuse | F96: Orkadiéré | G96: Orkadiere | H96: Arona Dagano | I96: 79 693 06 56 | J96: ZOOMLION | K96: 4LZT-4.0ZT | M96: Breakdown | N96: 2019 | O96: Autre
A97: 95 | B97: Kanel | C97: GIE Dagano | D97: Private | E97: Moissonneuse Batteuse | F97: Orkadiéré | G97: Orkadiere | H97: Arona Dagano | I97: 80 693 06 56 | J97: ZOOMLION | K97: 4LZT-4.0ZT | M97: Breakdown | N97: 2019 | O97: Autre
A98: 96 | B98: Kanel | C98: GIE Dagano | D98: Private | E98: Moissonneuse Batteuse | F98: Orkadiéré | G98: Orkadiere | H98: Arona Dagano | I98: 81 693 06 56 | J98: ZOOMLION | K98: 4LZT-4.0ZT | M98: Breakdown | N98: 2019 | O98: Autre
A99: 97 | B99: Kanel | C99: GIE Dagano | D99: Private | E99: Moissonneuse Batteuse | F99: Orkadiéré | G99: Orkadiere | H99: Arona Dagano | I99: 82 693 06 56 | J99: ZOOMLION | K99: 4LZT-4.0ZT | M99: Breakdown | N99: 2019 | O99: Autre
A100: 98 | B100: Matam | C100: GIE Townde | D100: Private | E100: Moissonneuse Batteuse | F100: Nabadji Civol | G100: Nabadji | H100: Sidy Dème | I100: 77 325 78 39 | J100: CLAAS | K100: CROP TIGER 40 | L100: TERRA TRAC | M100: Function | N100: 2017 | O100: Autre
...

Sheet Raw Data
Z1: Tractor | AB1: Combine Harvester | AE1: Tractor | AG1: Combine Harvester
A2: N° | B2: Dép | C2: Nom de l'Entreprise | D2: Privé/Union | E2: Type materiel | G2: Localité | H2: Zone SAED | I2: Chef de l'Entreprise | J2: Contact | K2: Marque | L2: Modelé | M2: Numéro de série | N2: Tracteur Puissance | O2: Tracteur Etat | P2: Année acquisition | Q2: Offset/ Charrue | R2: Etat | S2: Année acquisition | T2: Modelé | U2: Numéro de série | V2: MB Puissance | W2: MB Etat | X2: Année acquisition | Z2: Service Provider (Extract) | AA2: Service Provider (List) | AB2: Service Provider (Extract) | AC2: Service Provider (List) | AE2: List of Service provider | AF2: Form | AG2: List of Service provider | AH2: Form
A3: 1 | B3: Kanel | C3: Abdoulaye Bocar NDIAYE | D3: Private | E3: Tractor | G3: Wouro Sidy | H3: Wouro Sidy | I3: Abdoulaye Bocar NDIAYE | J3: 771654286 | K3: TAFE | N3: 100 | O3: Function | P3: 2019 | Q3: Offset | R3: Function | S3: 2019 | Z3: {=IFERROR(_xlfn._xlws.FILTER(C3,E3="Tractor"),"")} -> Abdoulaye Bocar NDIAYE | AA3: {=_xlfn.UNIQUE(Z3:Z94)} -> Abdoulaye Bocar NDIAYE | AB3: {=IFERROR(_xlfn._xlws.FILTER(C3,F3="Combine Harvester"),"")} | AC3: {=_xlfn.UNIQUE(AB3:AB94)} | AE3: Oumar Aguibou SOW | AF3: =_xlfn.XLOOKUP(AE3,$C$3:$C$94,$D$3:$D$94,"") -> Union | AG3: Union Hydraulique de Hamady Ounaré | AH3: =_xlfn.XLOOKUP(AG3,$C$3:$C$94,$D$3:$D$94,"") -> Union
A4: 1 | B4: Matam | C4: Abdoulaye Djiby THIAM | D4: Private | E4: Tractor | G4: Nabadji Civol | H4: Nabadji | I4: Abdoulaye Djiby THIAM | J4: 776365447 | K4: TAFE | N4: 100 | O4: Function | P4: 2019 | Q4: Offset | R4: Function | S4: 2019 | Z4: {=IFERROR(_xlfn._xlws.FILTER(C4,E4="Tractor"),"")} -> Abdoulaye Djiby THIAM | AA4: Abdoulaye Djiby THIAM | AB4: {=IFERROR(_xlfn._xlws.FILTER(C4,F4="Combine Harvester"),"")} | AC4: GIE Dagano | AE4: Union des GIE de Diamoungeul 1 et 2 | AF4: =_xlfn.XLOOKUP(AE4,$C$3:$C$94,$D$3:$D$94,"") -> Union | AG4: GIE Dagano | AH4: =_xlfn.XLOOKUP(AG4,$C$3:$C$94,$D$3:$D$94,"") -> Private
A5: 2 | B5: Kanel | C5: Abou DIAW | D5: Private | E5: Tractor | G5: Ounaré | H5: Wouro Sidy | I5: Abou DIAW | J5: 776143821 | K5: TAFE | N5: 100 | O5: Function | P5: 2019 | Q5: Offset | R5: Function | S5: 2019 | Z5: {=IFERROR(_xlfn._xlws.FILTER(C5,E5="Tractor"),"")} -> Abou DIAW | AA5: Abou DIAW | AB5: {=IFERROR(_xlfn._xlws.FILTER(C5,F5="Combine Harvester"),"")} | AC5: GIE Townde | AE5: DIENG et Fammile | AF5: =_xlfn.XLOOKUP(AE5,$C$3:$C$94,$D$3:$D$94,"") -> Private | AG5: Union du Casier Doumga Ouro Thierno | AH5: =_xlfn.XLOOKUP(AG5,$C$3:$C$94,$D$3:$D$94,"") -> Union
A6: 2 | B6: Matam | C6: Comité de Gestion de Koundel 3 | D6: Private | E6: Tractor | G6: Nabadji Civol | H6: Nabadji | I6: Abdoulaye Saidou Diaw | J6: 774077602 | K6: VALTRA | N6: Moins de 100 | O6: Function | P6: 2015 | Q6: Offset | R6: Function | S6: 2015 | Z6: {=IFERROR(_xlfn._xlws.FILTER(C6,E6="Tractor"),"")} -> Comité de Gestion de Koundel 3 | AA6: Comité de Gestion de Koundel 3 | AB6: {=IFERROR(_xlfn._xlws.FILTER(C6,F6="Combine Harvester"),"")} | AC6: Union du Casier Doumga Ouro Thierno | AE6: Harouna | AF6: =_xlfn.XLOOKUP(AE6,$C$3:$C$94,$D$3:$D$94,"") -> Private | AG6: Makhana Diéri | AH6: =_xlfn.XLOOKUP(AG6,$C$3:$C$94,$D$3:$D$94,"") -> Private
A7: 3 | B7: Kanel | C7: Aboubacry Goby BASSOUM | D7: Private | E7: Tractor | G7: Kanel | H7: Wouro Sidy | I7: Aboubacry Goby BASSOUM | J7: 77 564 25 33 | K7: TAFE | N7: 100 | O7: Function | P7: 2019 | Q7: Offset | R7: Function | S7: 2019 | Z7: {=IFERROR(_xlfn._xlws.FILTER(C7,E7="Tractor"),"")} -> Aboubacry Goby BASSOUM | AA7: Aboubacry Goby BASSOUM | AB7: {=IFERROR(_xlfn._xlws.FILTER(C7,F7="Combine Harvester"),"")} | AC7: Union Hydraulique de Kobilo | AE7: Samba KANE | AF7: =_xlfn.XLOOKUP(AE7,$C$3:$C$94,$D$3:$D$94,"") -> Private | AG7: Union Hydraulique de Kobilo | AH7: =_xlfn.XLOOKUP(AG7,$C$3:$C$94,$D$3:$D$94,"") -> Union
A8: 3 | B8: Matam | C8: Comité de Gestion de Woudourou 1 | D8: Private | E8: Tractor | G8: Nabadji Civol | H8: Nabadji | I8: Seydou Kane | J8: 77 617 00 25 77 555 77 98 | K8: VALTRA | N8: Moins de 100 | O8: Function | P8: 2015 | Q8: Offset | R8: Function | S8: 2015 | Z8: {=IFERROR(_xlfn._xlws.FILTER(C8,E8="Tractor"),"")} -> Comité de Gestion de Woudourou 1 | AA8: Comité de Gestion de Woudourou 1 | AB8: {=IFERROR(_xlfn._xlws.FILTER(C8,F8="Combine Harvester"),"")} | AC8: Union Hydraulique de Hamady Ounaré | AE8: Union Hydraulique de Dolol/Wodobéré | AF8: =_xlfn.XLOOKUP(AE8,$C$3:$C$94,$D$3:$D$94,"") -> Union | AG8: Union Régionale des Interprofessionnels de Semences (URIS) | AH8: =_xlfn.XLOOKUP(AG8,$C$3:$C$94,$D$3:$D$94,"") -> Private
A9: 4 | B9: Kanel | C9: Association des Agriculteurs de Waoundé | D9: Private | E9: Tractor | G9: Waoundé | H9: Orkadiere | I9: Samba Camara | J9: 77 562 49 16 | K9: John Deere | N9: 125 | O9: Function | P9: 2016 | Q9: Offset | R9: Function | S9: 2016 | Z9: {=IFERROR(_xlfn._xlws.FILTER(C9,E9="Tractor"),"")} -> Association des Agriculteurs de Waoundé | AA9: Association des Agriculteurs de Waoundé | AB9: {=IFERROR(_xlfn._xlws.FILTER(C9,F9="Combine Harvester"),"")} | AC9: Union Hydraulique de Ndouloumadji | AE9: Union Hydraulique de Hamady Ounaré | AF9: =_xlfn.XLOOKUP(AE9,$C$3:$C$94,$D$3:$D$94,"") -> Union | AG9: GIE Townde | AH9: =_xlfn.XLOOKUP(AG9,$C$3:$C$94,$D$3:$D$94,"") -> Private
A10: 4 | B10: Matam | C10: Déworoy Jokkéré Endam | D10: Private | E10: Tractor | G10: Nabadji Civol | H10: Nabadji | I10: Arona Sall | J10: 78 496 44 02 | K10: John Deere | N10: 125 | O10: Function | P10: 2016 | Q10: Offset | R10: Function | S10: 2016 | Z10: {=IFERROR(_xlfn._xlws.FILTER(C10,E10="Tractor"),"")} -> Déworoy Jokkéré Endam | AA10: Déworoy Jokkéré Endam | AB10: {=IFERROR(_xlfn._xlws.FILTER(C10,F10="Combine Harvester"),"")} | AC10: Union Régionale des Interprofessionnels de Semences (URIS) | AE10: Abdoulaye KANE | AF10: =_xlfn.XLOOKUP(AE10,$C$3:$C$94,$D$3:$D$94,"") -> Private | AG10: Union Hydraulique de Ndouloumadji | AH10: =_xlfn.XLOOKUP(AG10,$C$3:$C$94,$D$3:$D$94,"") -> Union
A11: 5 | B11: Kanel | C11: Bocar DAFF | D11: Private | E11: Tractor | G11: Ndendory | H11: Ndendory | I11: Bocar DAFF | J11: 775759153 | K11: TAFE | N11: 100 | O11: Function | P11: 2019 | Q11: Offset | R11: Function | S11: 2019 | Z11: {=IFERROR(_xlfn._xlws.FILTER(C11,E11="Tractor"),"")} -> Bocar DAFF | AA11: Bocar DAFF | AB11: {=IFERROR(_xlfn._xlws.FILTER(C11,F11="Combine Harvester"),"")} | AC11: Makhana Diéri | AE11: Diango DIABY | AF11: =_xlfn.XLOOKUP(AE11,$C$3:$C$94,$D$3:$D$94,"") -> Private
A12: 5 | B12: Matam | C12: Dieynaba Abdoul SY | D12: Private | E12: Tractor | G12: Agnam Civol | H12: Agnam/Oréfondé | I12: Dieynaba Abdoul SY | J12: 77120989 | K12: TAFE | N12: 100 | O12: Function | P12: 2019 | Q12: Offset | R12: Function | S12: 2019 | Z12: {=IFERROR(_xlfn._xlws.FILTER(C12,E12="Tractor"),"")} -> Dieynaba Abdoul SY | AA12: Dieynaba Abdoul SY | AB12: {=IFERROR(_xlfn._xlws.FILTER(C12,F12="Combine Harvester"),"")} | AE12: GIE Alla Lewy | AF12: =_xlfn.XLOOKUP(AE12,$C$3:$C$94,$D$3:$D$94,"") -> Private
A13: 6 | B13: Kanel | C13: Diango DIABY | D13: Private | E13: Tractor | G13: Hamady Ounaré | H13: Ndendory | I13: Diango DIABY | J13: 776574960 | K13: TAFE | N13: 100 | O13: Function | P13: 2019 | Q13: Offset | R13: Function | S13: 2019 | Z13: {=IFERROR(_xlfn._xlws.FILTER(C13,E13="Tractor"),"")} -> Diango DIABY | AA13: Diango DIABY | AB13: {=IFERROR(_xlfn._xlws.FILTER(C13,F13="Combine Harvester"),"")} | AE13: GIE Ngano | AF13: =_xlfn.XLOOKUP(AE13,$C$3:$C$94,$D$3:$D$94,"") -> Private
A14: 6 | B14: Matam | C14: GIE Alphala | D14: Private | E14: Tractor | G14: Nabadji Civol | H14: Nabadji | I14: Abdoulaye Gassama | J14: 77 966 50 84 | K14: John Deere | N14: 125 | O14: Function | P14: 2016 | Q14: Offset | R14: Function | S14: 2016 | Z14: {=IFERROR(_xlfn._xlws.FILTER(C14,E14="Tractor"),"")} -> GIE Alphala | AA14: GIE Alphala | AB14: {=IFERROR(_xlfn._xlws.FILTER(C14,F14="Combine Harvester"),"")} | AE14: Amadou KANE | AF14: =_xlfn.XLOOKUP(AE14,$C$3:$C$94,$D$3:$D$94,"") -> Private
A15: 7 | B15: Kanel | C15: GIE Alla Lewy | D15: Private | E15: Tractor | G15: Hamady Ounaré | H15: Ndendory | I15: Souleymane Diagana | J15: 77 671 02 95 | K15: VALTRA | N15: Moins de 100 | O15: Function | P15: 2015 | Q15: Offset | R15: Function | S15: 2015 | Z15: {=IFERROR(_xlfn._xlws.FILTER(C15,E15="Tractor"),"")} -> GIE Alla Lewy | AA15: GIE Alla Lewy | AB15: {=IFERROR(_xlfn._xlws.FILTER(C15,F15="Combine Harvester"),"")} | AE15: Bocar DAFF | AF15: =_xlfn.XLOOKUP(AE15,$C$3:$C$94,$D$3:$D$94,"") -> Private
A16: 7 | B16: Matam | C16: GIE Dowourou | D16: Private | E16: Tractor | G16: Agnam Civol | H16: Agnam/Oréfondé | I16: Abdou Aziz Diop | J16: 77 350 56 60 | K16: John Deere | N16: 125 | O16: Function | P16: 2016 | Q16: Offset | R16: Function | S16: 2016 | Z16: {=IFERROR(_xlfn._xlws.FILTER(C16,E16="Tractor"),"")} -> GIE Dowourou | AA16: GIE Dowourou | AB16: {=IFERROR(_xlfn._xlws.FILTER(C16,F16="Combine Harvester"),"")} | AE16: Thierno Hameth SALL | AF16: =_xlfn.XLOOKUP(AE16,$C$3:$C$94,$D$3:$D$94,"") -> Private
A17: 8 | B17: Kanel | C17: Union Hydraulique de Hamady Ounaré | D17: Union | E17: Tractor | G17: Hamady Ounaré | H17: Ndendory | I17: Abdoulaye KANE | J17: 77 632 39 35 | K17: CASE | O17: Function | P17: N/A | R17: N/A | Z17: {=IFERROR(_xlfn._xlws.FILTER(C17,E17="Tractor"),"")} -> Union Hydraulique de Hamady Ounaré | AA17: Union Hydraulique de Hamady Ounaré | AB17: {=IFERROR(_xlfn._xlws.FILTER(C17,F17="Combine Harvester"),"")} | AE17: Talla | AF17: =_xlfn.XLOOKUP(AE17,$C$3:$C$94,$D$3:$D$94,"") -> Private
A18: 8 | B18: Matam | C18: GIE Fadigada | D18: Private | E18: Tractor | G18: Dabia | H18: Dabia | I18: Mamadou Kane | J18: 77 563 64 97 | K18: John Deere | N18: 125 | O18: Function | P18: 2016 | Q18: Offset | R18: Function | S18: 2016 | Z18: {=IFERROR(_xlfn._xlws.FILTER(C18,E18="Tractor"),"")} -> GIE Fadigada | AA18: GIE Fadigada | AB18: {=IFERROR(_xlfn._xlws.FILTER(C18,F18="Combine Harvester"),"")} | AE18: Mamadou TALL | AF18: =_xlfn.XLOOKUP(AE18,$C$3:$C$94,$D$3:$D$94,"") -> Private
A19: 9 | B19: Kanel | C19: GIE Dagano | D19: Private | E19: Tractor | F19: Combine Harvester | G19: Orkadiéré | H19: Orkadiere | I19: Arona Dagano | J19: 77 693 06 56 | K19: John Deere | N19: 125 | O19: Breakdown | P19: 2008 | Q19: Offset | R19: Function | S19: 2008 | V19: Autre | W19: Breakdown | X19: 2019 | Z19: {=IFERROR(_xlfn._xlws.FILTER(C19,E19="Tractor"),"")} -> GIE Dagano | AA19: GIE Dagano | AB19: {=IFERROR(_xlfn._xlws.FILTER(C19,F19="Combine Harvester"),"")} -> GIE Dagano | AE19: Docteur DAFF | AF19: =_xlfn.XLOOKUP(AE19,$C$3:$C$94,$D$3:$D$94,"") -> Private
A20: 9 | B20: Matam | C20: GIE Moyyere Thierno Yaya | D20: Private | E20: Tractor | G20: Nabadji Civol | H20: Nabadji | I20: Oumar Deme | J20: 77 643 65 61 | K20: John Deere | N20: 125 | O20: Function | P20: 2016 | Q20: Offset | R20: Function | S20: 2016 | Z20: {=IFERROR(_xlfn._xlws.FILTER(C20,E20="Tractor"),"")} -> GIE Moyyere Thierno Yaya | AA20: GIE Moyyere Thierno Yaya | AB20: {=IFERROR(_xlfn._xlws.FILTER(C20,F20="Combine Harvester"),"")} | AE20: Moussa BEYTA | AF20: =_xlfn.XLOOKUP(AE20,$C$3:$C$94,$D$3:$D$94,"") -> Private
A21: 10 | B21: Kanel | C21: GIE Dagano | D21: Private | E21: Tractor | F21: Combine Harvester | G21: Orkadiéré | H21: Orkadiere | I21: Arona Dagano | J21: 78 693 06 56 | K21: John Deere | N21: 125 | O21: Breakdown | P21: 2009 | Q21: Offset | R21: Function | S21: 2009 | V21: Autre | W21: Breakdown | X21: 2019 | Z21: {=IFERROR(_xlfn._xlws.FILTER(C21,E21="Tractor"),"")} -> GIE Dagano | AA21: GIE Ndéma | AB21: {=IFERROR(_xlfn._xlws.FILTER(C21,F21="Combine Harvester"),"")} -> GIE Dagano | AE21: GIE Dembacané 2 | AF21: =_xlfn.XLOOKUP(AE21,$C$3:$C$94,$D$3:$D$94,"") -> Private
A22: 10 | B22: Matam | C22: GIE Ndéma | D22: Private | E22: Tractor | G22: Nabadji Civol | H22: Nabadji | I22: El Hadji Malick Dème | J22: 77 551 73 84 | K22: John Deere | N22: 125 | O22: Function | P22: 2016 | Q22: Offset | R22: Function | S22: 2016 | Z22: {=IFERROR(_xlfn._xlws.FILTER(C22,E22="Tractor"),"")} -> GIE Ndéma | AA22: GIE Raky Ganna | AB22: {=IFERROR(_xlfn._xlws.FILTER(C22,F22="Combine Harvester"),"")} | AE22: GIE Nourou Cheikh Moussa Camara | AF22: =_xlfn.XLOOKUP(AE22,$C$3:$C$94,$D$3:$D$94,"") -> Private
A23: 11 | B23: Kanel | C23: GIE Dagano | D23: Private | E23: Tractor | F23: Combine Harvester | G23: Orkadiéré | H23: Orkadiere | I23: Arona Dagano | J23: 79 693 06 56 | K23: John Deere | N23: 125 | O23: Breakdown | P23: 2008 | Q23: Offset | R23: Function | S23: 2008 | V23: Autre | W23: Breakdown | X23: 2019 | Z23: {=IFERROR(_xlfn._xlws.FILTER(C23,E23="Tractor"),"")} -> GIE Dagano | AA23: GIE Sognane et Frères | AB23: {=IFERROR(_xlfn._xlws.FILTER(C23,F23="Combine Harvester"),"")} -> GIE Dagano | AE23: GIE Dagano | AF23: =_xlfn.XLOOKUP(AE23,$C$3:$C$94,$D$3:$D$94,"") -> Private
A24: 11 | B24: Matam | C24: GIE Raky Ganna | D24: Private | E24: Tractor | G24: Matam | H24: Matam/ogo | I24: Abou Thioub | J24: 77 542 42 88 | K24: VALTRA | N24: Moins de 100 | O24: Function | P24: 2015 | Q24: Offset | R24: Function | S24: 2015 | Z24: {=IFERROR(_xlfn._xlws.FILTER(C24,E24="Tractor"),"")} -> GIE Raky Ganna | AA24: GIE Townde | AB24: {=IFERROR(_xlfn._xlws.FILTER(C24,F24="Combine Harvester"),"")} | AE24: GIE Ganguel | AF24: =_xlfn.XLOOKUP(AE24,$C$3:$C$94,$D$3:$D$94,"") -> Private
A25: 12 | B25: Kanel | C25: GIE Dagano | D25: Private | E25: Tractor | F25: Combine Harvester | G25: Orkadiéré | H25: Orkadiere | I25: Arona Dagano | J25: 80 693 06 56 | K25: John Deere | N25: 125 | O25: Breakdown | P25: 2010 | Q25: Offset | R25: Function | S25: 2010 | V25: Autre | W25: Breakdown | X25: 2019 | Z25: {=IFERROR(_xlfn._xlws.FILTER(C25,E25="Tractor"),"")} -> GIE Dagano | AA25: GIE Yarnde | AB25: {=IFERROR(_xlfn._xlws.FILTER(C25,F25="Combine Harvester"),"")} -> GIE Dagano | AE25: GIE Jokkéré Endam Wendou Bosséabé | AF25: =_xlfn.XLOOKUP(AE25,$C$3:$C$94,$D$3:$D$94,"") -> Private
A26: 12 | B26: Matam | C26: GIE Raky Ganna | D26: Private | E26: Tractor | G26: Matam | H26: Matam/ogo | I26: Abou Thioub | J26: 78 542 42 88 | K26: John Deere | N26: 125 | O26: Function | P26: 2016 | Q26: Offset | R26: Function | S26: 2016 | Z26: {=IFERROR(_xlfn._xlws.FILTER(C26,E26="Tractor"),"")} -> GIE Raky Ganna | AA26: Harouna DIOP | AB26: {=IFERROR(_xlfn._xlws.FILTER(C26,F26="Combine Harvester"),"")} | AE26: GIE PiP Balel | AF26: =_xlfn.XLOOKUP(AE26,$C$3:$C$94,$D$3:$D$94,"") -> Private
A27: 13 | B27: Kanel | C27: GIE Dagano | D27: Private | E27: Tractor | F27: Combine Harvester | G27: Orkadiéré | H27: Orkadiere | I27: Arona Dagano | J27: 81 693 06 56 | K27: John Deere | N27: 125 | O27: Breakdown | P27: 2008 | Q27: Offset | R27: Function | S27: 2008 | V27: Autre | W27: Breakdown | X27: 2019 | Z27: {=IFERROR(_xlfn._xlws.FILTER(C27,E27="Tractor"),"")} -> GIE Dagano | AA27: Mamadou BA | AB27: {=IFERROR(_xlfn._xlws.FILTER(C27,F27="Combine Harvester"),"")} -> GIE Dagano | AE27: Mbegnouga et frères | AF27: =_xlfn.XLOOKUP(AE27,$C$3:$C$94,$D$3:$D$94,"") -> Private
A28: 13 | B28: Matam | C28: GIE Sognane et Frères | D28: Private | E28: Tractor | G28: Nabadji Civol | H28: Nabadji | I28: Maissa Yero Sognane | J28: 77 609 42 72 | K28: John Deere | N28: 125 | O28: Function | P28: 2016 | Q28: Offset | R28: Function | S28: 2016 | Z28: {=IFERROR(_xlfn._xlws.FILTER(C28,E28="Tractor"),"")} -> GIE Sognane et Frères | AA28: GIE Dembacané 2 | AB28: {=IFERROR(_xlfn._xlws.FILTER(C28,F28="Combine Harvester"),"")} | AE28: Union Orkadiéré | AF28: =_xlfn.XLOOKUP(AE28,$C$3:$C$94,$D$3:$D$94,"") -> Union
A29: 14 | B29: Kanel | C29: GIE Dagano | D29: Private | E29: Tractor | F29: Combine Harvester | G29: Orkadiéré | H29: Orkadiere | I29: Arona Dagano | J29: 82 693 06 56 | K29: John Deere | N29: 125 | O29: Breakdown | P29: 2009 | Q29: Offset | R29: Function | S29: 2009 | V29: Autre | W29: Breakdown | X29: 2019 | Z29: {=IFERROR(_xlfn._xlws.FILTER(C29,E29="Tractor"),"")} -> GIE Dagano | AA29: Mamadou Lamine LY | AB29: {=IFERROR(_xlfn._xlws.FILTER(C29,F29="Combine Harvester"),"")} -> GIE Dagano | AE29: Famille Mbégnouga | AF29: =_xlfn.XLOOKUP(AE29,$C$3:$C$94,$D$3:$D$94,"") -> Private
A30: 14 | B30: Matam | C30: GIE Townde | D30: Private | E30: Tractor | F30: Combine Harvester | G30: Nabadji Civol | H30: Nabadji | I30: Sidy Dème | J30: 77 325 78 39 | K30: John Deere | N30: 125 | O30: Function | P30: 2016 | Q30: Offset | R30: Function | S30: 2016 | V30: Autre | W30: Function | X30: 2017 | Z30: {=IFERROR(_xlfn._xlws.FILTER(C30,E30="Tractor"),"")} -> GIE Townde | AA30: GIE Ganguel | AB30: {=IFERROR(_xlfn._xlws.FILTER(C30,F30="Combine Harvester"),"")} -> GIE Townde | AE30: Thierno Abdoul BA | AF30: =_xlfn.XLOOKUP(AE30,$C$3:$C$94,$D$3:$D$94,"") -> Private
A31: 15 | B31: Kanel | C31: GIE Dagano | D31: Private | E31: Tractor | F31: Combine Harvester | G31: Orkadiéré | H31: Orkadiere | I31: Arona Dagano | J31: 83 693 06 56 | K31: John Deere | N31: Moins de 100 | O31: Function | P31: 2010 | Q31: Offset | R31: Function | S31: 2010 | V31: Autre | W31: Function | X31: 2019 | Z31: {=IFERROR(_xlfn._xlws.FILTER(C31,E31="Tractor"),"")} -> GIE Dagano | AA31: Union Bosséa 1 | AB31: {=IFERROR(_xlfn._xlws.FILTER(C31,F31="Combine Harvester"),"")} -> GIE Dagano | AE31: Samba DIENG | AF31: =_xlfn.XLOOKUP(AE31,$C$3:$C$94,$D$3:$D$94,"") -> Private
A32: 15 | B32: Matam | C32: GIE Townde | D32: Private | E32: Tractor | G32: Nabadji Civol | H32: Nabadji | I32: Sidy Dème | J32: 78 325 78 39 | K32: TAFE | N32: 115 | O32: Function | P32: 2017 | Q32: Offset | R32: Function | S32: 2017 | Z32: {=IFERROR(_xlfn._xlws.FILTER(C32,E32="Tractor"),"")} -> GIE Townde | AA32: GIE Jokkéré Endam Wendou Bosséabé | AB32: {=IFERROR(_xlfn._xlws.FILTER(C32,F32="Combine Harvester"),"")} | AE32: Association des Agriculteurs de Waoundé | AF32: =_xlfn.XLOOKUP(AE32,$C$3:$C$94,$D$3:$D$94,"") -> Private
A33: 16 | B33: Kanel | C33: GIE Dagano | D33: Private | E33: Tractor | F33: Combine Harvester | G33: Orkadiéré | H33: Orkadiere | I33: Arona Dagano | J33: 84 693 06 56 | K33: John Deere | N33: Moins de 100 | O33: Function | P33: 2010 | Q33: Offset | R33: Function | S33: 2010 | V33: Autre | W33: Function | X33: 2019 | Z33: {=IFERROR(_xlfn._xlws.FILTER(C33,E33="Tractor"),"")} -> GIE Dagano | AA33: Mouhamadou Malick SALL | AB33: {=IFERROR(_xlfn._xlws.FILTER(C33,F33="Combine Harvester"),"")} -> GIE Dagano | AE33: GIE Waoundé 1 | AF33: =_xlfn.XLOOKUP(AE33,$C$3:$C$94,$D$3:$D$94,"") -> Private
A34: 16 | B34: Matam | C34: GIE Yarnde | D34: Private | E34: Tractor | G34: Bokidiawé | H34: Bokidiawé | I34: Bokar KANE | J34: 77 563 34 21 | K34: John Deere | N34: 125 | O34: Function | P34: 2016 | Q34: Offset | R34: Function | S34: 2016 | Z34: {=IFERROR(_xlfn._xlws.FILTER(C34,E34="Tractor"),"")} -> GIE Yarnde | AA34: GIE Ngano | AB34: {=IFERROR(_xlfn._xlws.FILTER(C34,F34="Combine Harvester"),"")} | AE34: BARRO | AF34: =_xlfn.XLOOKUP(AE34,$C$3:$C$94,$D$3:$D$94,"") -> Private
A35: 17 | B35: Kanel | C35: GIE Dagano | D35: Private | E35: Tractor | F35: Combine Harvester | G35: Orkadiéré | H35: Orkadiere | I35: Arona Dagano | J35: 85 693 06 56 | K35: John Deere | N35: 125 | O35: Function | P35: 2010 | Q35: Offset | R35: Function | S35: 2010 | V35: Autre | W35: Breakdown | X35: 2019 | Z35: {=IFERROR(_xlfn._xlws.FILTER(C35,E35="Tractor"),"")} -> GIE Dagano | AA35: Thierno Aliou Thiam | AB35: {=IFERROR(_xlfn._xlws.FILTER(C35,F35="Combine Harvester"),"")} -> GIE Dagano | AE35: Mamel DEME | AF35: =_xlfn.XLOOKUP(AE35,$C$3:$C$94,$D$3:$D$94,"") -> Private
A36: 17 | B36: Matam | C36: Harouna DIOP | D36: Union | E36: Tractor | G36: Nabadji Civol | H36: Nabadji | I36: Harouna DIOP | J36: 775566197 | K36: TAFE | N36: 100 | O36: Function | P36: 2019 | Q36: Offset | R36: Function | S36: 2019 | Z36: {=IFERROR(_xlfn._xlws.FILTER(C36,E36="Tractor"),"")} -> Harouna DIOP | AA36: GIE Nourou Cheikh Moussa Camara | AB36: {=IFERROR(_xlfn._xlws.FILTER(C36,F36="Combine Harvester"),"")} | AE36: Kisma Delba SOW | AF36: =_xlfn.XLOOKUP(AE36,$C$3:$C$94,$D$3:$D$94,"") -> Private
A37: 18 | B37: Kanel | C37: GIE Dagano | D37: Private | E37: Tractor | F37: Combine Harvester | G37: Orkadiéré | H37: Orkadiere | I37: Arona Dagano | J37: 86 693 06 56 | K37: John Deere | N37: 125 | O37: Function | P37: 2010 | Q37: Offset | R37: Function | S37: 2010 | V37: Autre | W37: Breakdown | X37: 2019 | Z37: {=IFERROR(_xlfn._xlws.FILTER(C37,E37="Tractor"),"")} -> GIE Dagano | AA37: Union Hydraulique de Matam | AB37: {=IFERROR(_xlfn._xlws.FILTER(C37,F37="Combine Harvester"),"")} -> GIE Dagano | AE37: Aboubacry Goby BASSOUM | AF37: =_xlfn.XLOOKUP(AE37,$C$3:$C$94,$D$3:$D$94,"") -> Private
A38: 18 | B38: Matam | C38: Mamadou BA | D38: Private | E38: Tractor | G38: Danthiady | H38: Matam/ogo | I38: Mamadou BA | J38: 776545626 | K38: TAFE | N38: 100 | O38: Function | P38: 2019 | Q38: Offset | R38: Function | S38: 2019 | Z38: {=IFERROR(_xlfn._xlws.FILTER(C38,E38="Tractor"),"")} -> Mamadou BA | AA38: GIE PiP Balel | AB38: {=IFERROR(_xlfn._xlws.FILTER(C38,F38="Combine Harvester"),"")} | AE38: Kadiatou BASSOUM | AF38: =_xlfn.XLOOKUP(AE38,$C$3:$C$94,$D$3:$D$94,"") -> Private
A39: 19 | B39: Kanel | C39: GIE Dembacané 2 | D39: Private | E39: Tractor | G39: Dembacané | H39: Orkadiere | I39: Baye Soumare | J39: 772769932 | K39: VALTRA | N39: Moins de 100 | O39: Function | P39: 2015 | Q39: Offset | R39: Function | S39: 2015 | Z39: {=IFERROR(_xlfn._xlws.FILTER(C39,E39="Tractor"),"")} -> GIE Dembacané 2 | AA39: GIE Waoundé 1 | AB39: {=IFERROR(_xlfn._xlws.FILTER(C39,F39="Combine Harvester"),"")} | AE39: Mamadou Abdoulaye MEYTY | AF39: =_xlfn.XLOOKUP(AE39,$C$3:$C$94,$D$3:$D$94,"") -> Private
A40: 19 | B40: Matam | C40: Mamadou Lamine LY | D40: Private | E40: Tractor | G40: Bokidiawé | H40: Bokidiawé | I40: Mamadou Lamine LY | J40: 776086580 | K40: TAFE | N40: 100 | O40: Function | P40: 2019 | Q40: Offset | R40: Function | S40: 2019 | Z40: {=IFERROR(_xlfn._xlws.FILTER(C40,E40="Tractor"),"")} -> Mamadou Lamine LY | AA40: Union de Sadel | AB40: {=IFERROR(_xlfn._xlws.FILTER(C40,F40="Combine Harvester"),"")} | AE40: Abou DIAW | AF40: =_xlfn.XLOOKUP(AE40,$C$3:$C$94,$D$3:$D$94,"") -> Private
A41: 20 | B41: Kanel | C41: GIE Ganguel | D41: Private | E41: Tractor | G41: Orkadiéré | H41: Orkadiere | I41: Oumar BA | J41: 77 511 88 94 | K41: VALTRA | N41: Moins de 100 | O41: Function | P41: 2015 | Q41: Offset | R41: Function | S41: 2015 | Z41: {=IFERROR(_xlfn._xlws.FILTER(C41,E41="Tractor"),"")} -> GIE Ganguel | AA41: Kadiatou BASSOUM | AB41: {=IFERROR(_xlfn._xlws.FILTER(C41,F41="Combine Harvester"),"")} | AE41: Abdoulaye Bocar NDIAYE | AF41: =_xlfn.XLOOKUP(AE41,$C$3:$C$94,$D$3:$D$94,"") -> Private
A42: 20 | B42: Matam | C42: Union Bosséa 1 | D42: Union | E42: Tractor | G42: Bokidiawé | H42: Bokidiawé | I42: Mamoudou TALL | J42: 775654222 | K42: TAFE | N42: 100 | O42: Function | P42: 2019 | Q42: Offset | R42: Function | S42: 2019 | Z42: {=IFERROR(_xlfn._xlws.FILTER(C42,E42="Tractor"),"")} -> Union Bosséa 1 | AA42: Kisma Delba SOW | AB42: {=IFERROR(_xlfn._xlws.FILTER(C42,F42="Combine Harvester"),"")} | AE42: GIE Dowourou | AF42: =_xlfn.XLOOKUP(AE42,$C$3:$C$94,$D$3:$D$94,"") -> Private
A43: 21 | B43: Kanel | C43: GIE Jokkéré Endam Wendou Bosséabé | D43: Private | E43: Tractor | G43: Orkadiéré | H43: Orkadiere | I43: Alassane Dia | J43: 77 564 38 05 | K43: John Deere | N43: 125 | O43: Function | P43: 2016 | Q43: Offset | R43: Function | S43: 2016 | Z43: {=IFERROR(_xlfn._xlws.FILTER(C43,E43="Tractor"),"")} -> GIE Jokkéré Endam Wendou Bosséabé | AA43: Union des GIE de DIAL | AB43: {=IFERROR(_xlfn._xlws.FILTER(C43,F43="Combine Harvester"),"")} | AE43: Dieynaba Abdoul SY | AF43: =_xlfn.XLOOKUP(AE43,$C$3:$C$94,$D$3:$D$94,"") -> Private
A44: 21 | B44: Matam | C44: Mouhamadou Malick SALL | D44: Private | E44: Tractor | G44: Ogo | H44: Matam/ogo | I44: Mouhamadou Malick SALL | J44: 775285770 | K44: TAFE | N44: 100 | O44: Function | P44: 2019 | Q44: Offset | R44: Function | S44: 2019 | Z44: {=IFERROR(_xlfn._xlws.FILTER(C44,E44="Tractor"),"")} -> Mouhamadou Malick SALL | AA44: Mamadou Abdoulaye MEYTY | AB44: {=IFERROR(_xlfn._xlws.FILTER(C44,F44="Combine Harvester"),"")} | AE44: Mamadou Lamine LY | AF44: =_xlfn.XLOOKUP(AE44,$C$3:$C$94,$D$3:$D$94,"") -> Private
A45: 22 | B45: Kanel | C45: GIE Ngano | D45: Private | E45: Tractor | G45: Ndendory | H45: Ndendory | I45: Issaga Mamadou Diop | J45: 77 563 85 20 | K45: John Deere | N45: 125 | O45: Breakdown | P45: 2016 | Q45: Offset | R45: Function | S45: 2016 | Z45: {=IFERROR(_xlfn._xlws.FILTER(C45,E45="Tractor"),"")} -> GIE Ngano | AA45: Union des GIE de Dondou | AB45: {=IFERROR(_xlfn._xlws.FILTER(C45,F45="Combine Harvester"),"")} | AE45: Union Bosséa 1 | AF45: =_xlfn.XLOOKUP(AE45,$C$3:$C$94,$D$3:$D$94,"") -> Union
A46: 22 | B46: Matam | C46: Thierno Aliou Thiam | D46: Private | E46: Tractor | G46: Ourossogui | H46: Matam/ogo | I46: Thierno Aliou Thiam | J46: 77 559 59 45 | K46: John Deere | N46: 125 | O46: Function | P46: 2016 | Q46: Offset | R46: Function | S46: 2016 | Z46: {=IFERROR(_xlfn._xlws.FILTER(C46,E46="Tractor"),"")} -> Thierno Aliou Thiam | AA46: Thierno Hameth SALL | AB46: {=IFERROR(_xlfn._xlws.FILTER(C46,F46="Combine Harvester"),"")} | AE46: Union du Casier Doumga Ouro Thierno | AF46: =_xlfn.XLOOKUP(AE46,$C$3:$C$94,$D$3:$D$94,"") -> Union
A47: 23 | B47: Kanel | C47: GIE Nourou Cheikh Moussa Camara | D47: Private | E47: Tractor | G47: Orkadiéré | H47: Orkadiere | I47: Ismaila Sadou Camara | J47: 77 148 19 18 | K47: John Deere | N47: 125 | O47: Function | P47: 2016 | Q47: Offset | R47: Function | S47: 2016 | Z47: {=IFERROR(_xlfn._xlws.FILTER(C47,E47="Tractor"),"")} -> GIE Nourou Cheikh Moussa Camara | AA47: Union du Casier Doumga Ouro Thierno | AB47: {=IFERROR(_xlfn._xlws.FILTER(C47,F47="Combine Harvester"),"")} | AE47: Makhana Diéri | AF47: =_xlfn.XLOOKUP(AE47,$C$3:$C$94,$D$3:$D$94,"") -> Private
A48: 23 | B48: Matam | C48: Union Hydraulique de Matam | D48: Union | E48: Tractor | G48: Matam | H48: Matam/ogo | I48: Cheikh GUEYE | J48: 77 560 39 44 | K48: VALTRA | N48: Autre | O48: Breakdown | P48: 2015 | Q48: Offset | R48: Function | S48: 2015 | Z48: {=IFERROR(_xlfn._xlws.FILTER(C48,E48="Tractor"),"")} -> Union Hydraulique de Matam | AA48: Union des GIE de Diamoungeul 1 et 2 | AB48: {=IFERROR(_xlfn._xlws.FILTER(C48,F48="Combine Harvester"),"")} | AE48: Mouhamed WAGUE | AF48: =_xlfn.XLOOKUP(AE48,$C$3:$C$94,$D$3:$D$94,"") -> Private
A49: 24 | B49: Kanel | C49: GIE PiP Balel | D49: Private | E49: Tractor | G49: Orkadiéré | H49: Orkadiere | I49: Djiby SOW | J49: 77 528 37 76 | K49: John Deere | N49: 125 | O49: Function | P49: 2016 | Q49: Offset | R49: Function | S49: 2016 | Z49: {=IFERROR(_xlfn._xlws.FILTER(C49,E49="Tractor"),"")} -> GIE PiP Balel | AA49: Union Hydraulique de Kobilo | AB49: {=IFERROR(_xlfn._xlws.FILTER(C49,F49="Combine Harvester"),"")} | AE49: Union de Sadel | AF49: =_xlfn.XLOOKUP(AE49,$C$3:$C$94,$D$3:$D$94,"") -> Union
A50: 24 | B50: Matam | C50: Union Hydraulique de Matam | D50: Union | E50: Tractor | G50: Matam | H50: Matam/ogo | I50: Cheikh GUEYE | J50: 78 560 39 44 | K50: TAFE | N50: Autre | O50: Breakdown | P50: 2019 | Q50: Offset | R50: Function | S50: 2019 | Z50: {=IFERROR(_xlfn._xlws.FILTER(C50,E50="Tractor"),"")} -> Union Hydraulique de Matam | AA50: Union Hydraulique de Dolol/Wodobéré | AB50: {=IFERROR(_xlfn._xlws.FILTER(C50,F50="Combine Harvester"),"")} | AE50: Union des GIE de Dondou | AF50: =_xlfn.XLOOKUP(AE50,$C$3:$C$94,$D$3:$D$94,"") -> Union
A51: 25 | B51: Kanel | C51: GIE Waoundé 1 | D51: Private | E51: Tractor | G51: Waoundé | H51: Orkadiere | I51: Samba Camera | J51: 77 562 49 16 | K51: TAFE | N51: 100 | O51: Function | P51: 2019 | Q51: Offset | R51: Function | S51: 2019 | Z51: {=IFERROR(_xlfn._xlws.FILTER(C51,E51="Tractor"),"")} -> GIE Waoundé 1 | AA51: Ibrahima THIOUB | AB51: {=IFERROR(_xlfn._xlws.FILTER(C51,F51="Combine Harvester"),"")} | AE51: Union Kawral Rémobé Nguénar | AF51: =_xlfn.XLOOKUP(AE51,$C$3:$C$94,$D$3:$D$94,"") -> Private
A52: 25 | B52: Matam | C52: Union de Sadel | D52: Union | E52: Tractor | G52: Bokidiawé | H52: Bokidiawé | I52: Demba NDIAYE | J52: 77 261 55 71 | K52: Massey Ferguson | N52: 125 | O52: Function | P52: 2017 | Q52: Offset | R52: Function | S52: 2017 | Z52: {=IFERROR(_xlfn._xlws.FILTER(C52,E52="Tractor"),"")} -> Union de Sadel | AA52: Mbegnouga et frères | AB52: {=IFERROR(_xlfn._xlws.FILTER(C52,F52="Combine Harvester"),"")} | AE52: GIE Yarnde | AF52: =_xlfn.XLOOKUP(AE52,$C$3:$C$94,$D$3:$D$94,"") -> Private
A53: 26 | B53: Kanel | C53: Kadiatou BASSOUM | D53: Private | E53: Tractor | G53: Kanel | H53: Wouro Sidy | I53: Kadiatou BASSOUM | J53: 772166493 | K53: TAFE | N53: 100 | O53: Breakdown | P53: 2019 | Q53: Offset | R53: Function | S53: 2019 | Z53: {=IFERROR(_xlfn._xlws.FILTER(C53,E53="Tractor"),"")} -> Kadiatou BASSOUM | AA53: Union Hydraulique de Ndouloumadji | AB53: {=IFERROR(_xlfn._xlws.FILTER(C53,F53="Combine Harvester"),"")} | AE53: Union des GIE de DIAL | AF53: =_xlfn.XLOOKUP(AE53,$C$3:$C$94,$D$3:$D$94,"") -> Union
A54: 26 | B54: Matam | C54: Union de Sadel | D54: Union | E54: Tractor | G54: Bokidiawé | H54: Bokidiawé | I54: Demba NDIAYE | J54: 78 261 55 71 | K54: VALTRA | N54: Moins de 100 | O54: Function | P54: 2015 | Q54: Offset | R54: Function | S54: 2015 | Z54: {=IFERROR(_xlfn._xlws.FILTER(C54,E54="Tractor"),"")} -> Union de Sadel | AA54: Union Orkadiéré | AB54: {=IFERROR(_xlfn._xlws.FILTER(C54,F54="Combine Harvester"),"")} | AE54: GIE Fadigada | AF54: =_xlfn.XLOOKUP(AE54,$C$3:$C$94,$D$3:$D$94,"") -> Private
A55: 27 | B55: Kanel | C55: Kisma Delba SOW | D55: Private | E55: Tractor | G55: Kanel | H55: Wouro Sidy | I55: Kisma Delba SOW | J55: 775487856 | K55: TAFE | N55: 100 | O55: Function | P55: 2019 | Q55: Offset | R55: Function | S55: 2019 | Z55: {=IFERROR(_xlfn._xlws.FILTER(C55,E55="Tractor"),"")} -> Kisma Delba SOW | AA55: Union Kawral Rémobé Nguénar | AB55: {=IFERROR(_xlfn._xlws.FILTER(C55,F55="Combine Harvester"),"")} | AE55: Union Hydraulique de Kobilo | AF55: =_xlfn.XLOOKUP(AE55,$C$3:$C$94,$D$3:$D$94,"") -> Union
A56: 27 | B56: Matam | C56: Union des GIE de DIAL | D56: Union | E56: Tractor | G56: Dabia | H56: Dabia | I56: Abdourahmane Samba Diew | J56: 77 169 59 28 | K56: John Deere | N56: 125 | O56: Function | P56: 2016 | Q56: Offset | R56: Function | S56: 2016 | Z56: {=IFERROR(_xlfn._xlws.FILTER(C56,E56="Tractor"),"")} -> Union des GIE de DIAL | AA56: Union Régionale des Interprofessionnels de Semences (URIS) | AB56: {=IFERROR(_xlfn._xlws.FILTER(C56,F56="Combine Harvester"),"")} | AE56: Yaya Abdoul KANE | AF56: =_xlfn.XLOOKUP(AE56,$C$3:$C$94,$D$3:$D$94,"") -> Private
A57: 28 | B57: Kanel | C57: Mamadou Abdoulaye MEYTY | D57: Private | E57: Tractor | G57: Kanel | H57: Wouro Sidy | I57: Mamadou Abdoulaye MEYTY | J57: 7763665586 | K57: TAFE | N57: 100 | O57: Function | P57: 2019 | Q57: Offset | R57: Function | S57: 2019 | Z57: {=IFERROR(_xlfn._xlws.FILTER(C57,E57="Tractor"),"")} -> Mamadou Abdoulaye MEYTY | AA57: Abdoulaye KANE | AB57: {=IFERROR(_xlfn._xlws.FILTER(C57,F57="Combine Harvester"),"")} | AE57: Mamadou BA | AF57: =_xlfn.XLOOKUP(AE57,$C$3:$C$94,$D$3:$D$94,"") -> Private
A58: 28 | B58: Matam | C58: Union des GIE de Dondou | D58: Union | E58: Tractor | G58: Bokidiawé | H58: Bokidiawé | I58: Mamadou GUEE | J58: 77 508 43 19 | K58: John Deere | N58: 125 | O58: Function | P58: 2015 | Q58: Offset | R58: Function | S58: 2015 | Z58: {=IFERROR(_xlfn._xlws.FILTER(C58,E58="Tractor"),"")} -> Union des GIE de Dondou | AA58: Makhana Diéri | AB58: {=IFERROR(_xlfn._xlws.FILTER(C58,F58="Combine Harvester"),"")} | AE58: GIE Raky Ganna | AF58: =_xlfn.XLOOKUP(AE58,$C$3:$C$94,$D$3:$D$94,"") -> Private
A59: 29 | B59: Kanel | C59: Thierno Hameth SALL | D59: Private | E59: Tractor | G59: Sinthiou Bamambé | H59: Ndendory | I59: Thierno Hameth SALL | J59: 775360437 | K59: TAFE | N59: 100 | O59: Function | P59: 2019 | Q59: Offset | R59: Function | S59: 2019 | Z59: {=IFERROR(_xlfn._xlws.FILTER(C59,E59="Tractor"),"")} -> Thierno Hameth SALL | AA59: Amadou KANE | AB59: {=IFERROR(_xlfn._xlws.FILTER(C59,F59="Combine Harvester"),"")} | AE59: Union Hydraulique de Matam | AF59: =_xlfn.XLOOKUP(AE59,$C$3:$C$94,$D$3:$D$94,"") -> Union
A60: 29 | B60: Matam | C60: Union du Casier Doumga Ouro Thierno | D60: Union | E60: Tractor | F60: Combine Harvester | G60: Bokidiawé | H60: Bokidiawé | I60: Amadou SALL | J60: 77 143 98 78 | K60: Massey Ferguson | N60: 125 | O60: Function | P60: 2020 | Q60: Offset | R60: Function | S60: 2020 | V60: Autre | W60: Function | X60: 2019 | Z60: {=IFERROR(_xlfn._xlws.FILTER(C60,E60="Tractor"),"")} -> Union du Casier Doumga Ouro Thierno | AA60: Mouhamed WAGUE | AB60: {=IFERROR(_xlfn._xlws.FILTER(C60,F60="Combine Harvester"),"")} -> Union du Casier Doumga Ouro Thierno | AE60: Ibrahima THIOUB | AF60: =_xlfn.XLOOKUP(AE60,$C$3:$C$94,$D$3:$D$94,"") -> Private
A61: 30 | B61: Kanel | C61: Union des GIE de Diamoungeul 1 et 2 | D61: Union | E61: Tractor | G61: Aouré | H61: Aouré | I61: Adama Diallo | J61: 77 526 26 72 | K61: John Deere | N61: 125 | O61: Breakdown | P61: 2015 | Q61: Offset | R61: Function | S61: 2015 | Z61: {=IFERROR(_xlfn._xlws.FILTER(C61,E61="Tractor"),"")} -> Union des GIE de Diamoungeul 1 et 2 | AA61: Yaya Abdoul KANE | AB61: {=IFERROR(_xlfn._xlws.FILTER(C61,F61="Combine Harvester"),"")} | AE61: Demba Gatta THIOUB | AF61: =_xlfn.XLOOKUP(AE61,$C$3:$C$94,$D$3:$D$94,"") -> Private
A62: 30 | B62: Matam | C62: Union Hydraulique de Kobilo | D62: Union | E62: Tractor | F62: Combine Harvester | G62: Dabia | H62: Dabia | I62: Mamoudou Kane | J62: 77 563 93 21 | K62: VALTRA | N62: Autre | O62: Function | P62: 2015 | Q62: Offset | R62: Function | S62: 2015 | V62: Autre | W62: Function | X62: 2016 | Z62: {=IFERROR(_xlfn._xlws.FILTER(C62,E62="Tractor"),"")} -> Union Hydraulique de Kobilo | AA62: Famille Mbégnouga | AB62: {=IFERROR(_xlfn._xlws.FILTER(C62,F62="Combine Harvester"),"")} -> Union Hydraulique de Kobilo | AE62: Mouhamadou Malick SALL | AF62: =_xlfn.XLOOKUP(AE62,$C$3:$C$94,$D$3:$D$94,"") -> Private
A63: 31 | B63: Kanel | C63: Union Hydraulique de Dolol/Wodobéré | D63: Union | E63: Tractor | G63: Hamady Ounaré | H63: Ndendory | I63: Seydou SOW | J63: 78 336 23 42 | K63: John Deere | N63: Autre | O63: Breakdown | P63: 2016 | Q63: Offset | R63: Function | S63: 2016 | Z63: {=IFERROR(_xlfn._xlws.FILTER(C63,E63="Tractor"),"")} -> Union Hydraulique de Dolol/Wodobéré | AA63: Demba Gatta THIOUB | AB63: {=IFERROR(_xlfn._xlws.FILTER(C63,F63="Combine Harvester"),"")} | AE63: Union Régionale des Interprofessionnels de Semences (URIS) | AF63: =_xlfn.XLOOKUP(AE63,$C$3:$C$94,$D$3:$D$94,"") -> Private
A64: 31 | B64: Matam | C64: Union Hydraulique de Kobilo | D64: Union | E64: Tractor | F64: Combine Harvester | G64: Dabia | H64: Dabia | I64: Mamoudou Kane | J64: 78 563 93 21 | K64: John Deere | N64: Autre | O64: Function | P64: 2015 | Q64: Offset | R64: Function | S64: 2015 | V64: Autre | W64: Function | X64: 2017 | Z64: {=IFERROR(_xlfn._xlws.FILTER(C64,E64="Tractor"),"")} -> Union Hydraulique de Kobilo | AA64: Thierno Abdoul BA | AB64: {=IFERROR(_xlfn._xlws.FILTER(C64,F64="Combine Harvester"),"")} -> Union Hydraulique de Kobilo | AE64: Thierno Aliou Thiam | AF64: =_xlfn.XLOOKUP(AE64,$C$3:$C$94,$D$3:$D$94,"") -> Private
A65: 32 | B65: Kanel | C65: Union Hydraulique de Hamady Ounaré | D65: Union | E65: Tractor | F65: Combine Harvester | G65: Hamady Ounaré | H65: Ndendory | I65: Abdoulaye KANE | J65: 77 632 39 35 | K65: John Deere | N65: 125 | O65: Function | P65: 2016 | Q65: Offset | R65: Function | S65: 2016 | V65: Autre | W65: Function | X65: 2020 | Z65: {=IFERROR(_xlfn._xlws.FILTER(C65,E65="Tractor"),"")} -> Union Hydraulique de Hamady Ounaré | AA65: DIENG et Fammile | AB65: {=IFERROR(_xlfn._xlws.FILTER(C65,F65="Combine Harvester"),"")} -> Union Hydraulique de Hamady Ounaré | AE65: Abdoulaye Djiby THIAM | AF65: =_xlfn.XLOOKUP(AE65,$C$3:$C$94,$D$3:$D$94,"") -> Private
A66: 32 | B66: Matam | C66: Ibrahima THIOUB | D66: Private | E66: Tractor | G66: Matam | H66: Matam/ogo | I66: Ibrahima THIOUB | J66: 775240412 | K66: VALTRA | N66: Autre | O66: Function | P66: 2015 | Q66: Offset | R66: Function | S66: 2015 | Z66: {=IFERROR(_xlfn._xlws.FILTER(C66,E66="Tractor"),"")} -> Ibrahima THIOUB | AA66: Samba KANE | AB66: {=IFERROR(_xlfn._xlws.FILTER(C66,F66="Combine Harvester"),"")} | AE66: Comité de Gestion de Koundel 3 | AF66: =_xlfn.XLOOKUP(AE66,$C$3:$C$94,$D$3:$D$94,"") -> Private
A67: 33 | B67: Kanel | C67: Mbegnouga et frères | D67: Private | E67: Tractor | G67: Orkadiéré | H67: Orkadiere | I67: Mamadou Mbegnouga | J67: 775133615 | K67: TAFE | N67: 100 | O67: Function | P67: 2019 | Q67: Offset | R67: Function | S67: 2019 | Z67: {=IFERROR(_xlfn._xlws.FILTER(C67,E67="Tractor"),"")} -> Mbegnouga et frères | AA67: Talla | AB67: {=IFERROR(_xlfn._xlws.FILTER(C67,F67="Combine Harvester"),"")} | AE67: Comité de Gestion de Woudourou 1 | AF67: =_xlfn.XLOOKUP(AE67,$C$3:$C$94,$D$3:$D$94,"") -> Private
A68: 33 | B68: Matam | C68: Union Hydraulique de Ndouloumadji | D68: Union | E68: Tractor | F68: Combine Harvester | G68: Nabadji Civol | H68: Nabadji | I68: Adama Ndiaye | J68: 77 247 11 60 | K68: John Deere | N68: 120 | O68: Function | P68: 2016 | Q68: Offset | R68: Function | S68: 2016 | V68: Autre | W68: Function | X68: 2019 | Z68: {=IFERROR(_xlfn._xlws.FILTER(C68,E68="Tractor"),"")} -> Union Hydraulique de Ndouloumadji | AA68: Mamadou TALL | AB68: {=IFERROR(_xlfn._xlws.FILTER(C68,F68="Combine Harvester"),"")} -> Union Hydraulique de Ndouloumadji | AE68: Déworoy Jokkéré Endam | AF68: =_xlfn.XLOOKUP(AE68,$C$3:$C$94,$D$3:$D$94,"") -> Private
A69: 34 | B69: Kanel | C69: Union Orkadiéré | D69: Union | E69: Tractor | G69: Orkadiéré | H69: Orkadiere | I69: Mamadou Mbegnouga | J69: 77 513 36 15 | K69: VALTRA | N69: Moins de 100 | O69: Function | P69: 2015 | Q69: Offset | R69: Function | S69: 2015 | Z69: {=IFERROR(_xlfn._xlws.FILTER(C69,E69="Tractor"),"")} -> Union Orkadiéré | AA69: Docteur DAFF | AB69: {=IFERROR(_xlfn._xlws.FILTER(C69,F69="Combine Harvester"),"")} | AE69: GIE Alphala | AF69: =_xlfn.XLOOKUP(AE69,$C$3:$C$94,$D$3:$D$94,"") -> Private
A70: 34 | B70: Matam | C70: Union Kawral Rémobé Nguénar | D70: Private | E70: Tractor | G70: Bokidiawé | H70: Bokidiawé | I70: Birane Hamet Diack (remplacé par sa femme) | J70: 77 995 07 16 | K70: John Deere | N70: 125 | O70: Function | P70: 2015 | Q70: Offset | R70: N/A | Z70: {=IFERROR(_xlfn._xlws.FILTER(C70,E70="Tractor"),"")} -> Union Kawral Rémobé Nguénar | AA70: Samba DIENG | AB70: {=IFERROR(_xlfn._xlws.FILTER(C70,F70="Combine Harvester"),"")} | AE70: GIE Moyyere Thierno Yaya | AF70: =_xlfn.XLOOKUP(AE70,$C$3:$C$94,$D$3:$D$94,"") -> Private
A71: 35 | B71: Kanel | C71: Union Orkadiéré | D71: Union | E71: Tractor | G71: Orkadiéré | H71: Orkadiere | I71: Mamadou Mbegnouga | J71: 78 513 36 15 | K71: John Deere | N71: 125 | O71: Breakdown | P71: 2017 | Q71: Offset | R71: Function | S71: 2017 | Z71: {=IFERROR(_xlfn._xlws.FILTER(C71,E71="Tractor"),"")} -> Union Orkadiéré | AA71: BARRO | AB71: {=IFERROR(_xlfn._xlws.FILTER(C71,F71="Combine Harvester"),"")} | AE71: GIE Ndéma | AF71: =_xlfn.XLOOKUP(AE71,$C$3:$C$94,$D$3:$D$94,"") -> Private
A72: 35 | B72: Matam | C72: Union Régionale des Interprofessionnels de Semences (URIS) | D72: Private | E72: Tractor | F72: Combine Harvester | G72: Ourossogui | H72: Matam/ogo | I72: Mamadou NDIADE | J72: 776391268 | K72: TAFE | N72: 100 | O72: Function | P72: 2019 | Q72: Offset | R72: Function | S72: 2019 | V72: Autre | W72: Breakdown | X72: 2018 | Z72: {=IFERROR(_xlfn._xlws.FILTER(C72,E72="Tractor"),"")} -> Union Régionale des Interprofessionnels de Semences (URIS) | AA72: Mamel DEME | AB72: {=IFERROR(_xlfn._xlws.FILTER(C72,F72="Combine Harvester"),"")} -> Union Régionale des Interprofessionnels de Semences (URIS) | AE72: GIE Sognane et Frères | AF72: =_xlfn.XLOOKUP(AE72,$C$3:$C$94,$D$3:$D$94,"") -> Private
A73: 36 | B73: Kanel | C73: Abdoulaye KANE | D73: Private | E73: Tractor | G73: Hamady Ounaré | H73: Ndendory | I73: Abdoulaye KANE | J73: 77 632 39 35 | K73: VALTRA | N73: Moins de 100 | O73: Function | P73: 2016 | Q73: Offset | R73: N/A | S73: N/A | Z73: {=IFERROR(_xlfn._xlws.FILTER(C73,E73="Tractor"),"")} -> Abdoulaye KANE | AA73: Oumar Aguibou SOW | AB73: {=IFERROR(_xlfn._xlws.FILTER(C73,F73="Combine Harvester"),"")} | AE73: GIE Townde | AF73: =_xlfn.XLOOKUP(AE73,$C$3:$C$94,$D$3:$D$94,"") -> Private
A74: 36 | B74: Matam | C74: Union Régionale des Interprofessionnels de Semences (URIS) | D74: Private | E74: Tractor | G74: Ourossogui | H74: Matam/ogo | I74: Mamadou NDIADE | J74: 776391269 | K74: John Deere | N74: 125 | O74: Function | P74: 2015 | Q74: Offset | R74: Function | S74: 2015 | Z74: {=IFERROR(_xlfn._xlws.FILTER(C74,E74="Tractor"),"")} -> Union Régionale des Interprofessionnels de Semences (URIS) | AA74: Moussa BEYTA | AB74: {=IFERROR(_xlfn._xlws.FILTER(C74,F74="Combine Harvester"),"")} | AE74: Union Hydraulique de Ndouloumadji | AF74: =_xlfn.XLOOKUP(AE74,$C$3:$C$94,$D$3:$D$94,"") -> Union
A75: 37 | B75: Kanel | C75: Abdoulaye KANE | D75: Private | E75: Tractor | G75: Hamady Ounaré | H75: Ndendory | I75: Abdoulaye KANE | J75: 77 632 39 35 | K75: John Deere | N75: 125 | O75: Function | P75: 2016 | Q75: Aucun matériel | R75: N/A | S75: N/A | Z75: {=IFERROR(_xlfn._xlws.FILTER(C75,E75="Tractor"),"")} -> Abdoulaye KANE | AA75: Harouna | AB75: {=IFERROR(_xlfn._xlws.FILTER(C75,F75="Combine Harvester"),"")} | AE75: Harouna DIOP | AF75: =_xlfn.XLOOKUP(AE75,$C$3:$C$94,$D$3:$D$94,"") -> Union
A76: 37 | B76: Matam | C76: Makhana Diéri | D76: Private | E76: Tractor | F76: Combine Harvester | G76: Bokidiawé | H76: Bokidiawé | I76: Yaya PAM | J76: 783251079 | K76: TAFE | N76: 100 | O76: Function | P76: 2019 | Q76: Offset | R76: Function | S76: 2019 | W76: Function | X76: N/A | Z76: {=IFERROR(_xlfn._xlws.FILTER(C76,E76="Tractor"),"")} -> Makhana Diéri | AB76: {=IFERROR(_xlfn._xlws.FILTER(C76,F76="Combine Harvester"),"")} -> Makhana Diéri
A77: 38 | B77: Kanel | C77: Amadou KANE | D77: Private | E77: Tractor | G77: Ndendory | H77: Ndendory | I77: Amadou KANE | J77: 78 479 60 40 | K77: Autre | O77: Function | P77: 2017 | Q77: Offset | R77: Function | S77: 2017 | Z77: {=IFERROR(_xlfn._xlws.FILTER(C77,E77="Tractor"),"")} -> Amadou KANE | AB77: {=IFERROR(_xlfn._xlws.FILTER(C77,F77="Combine Harvester"),"")} | AE77: Union | AF77: =COUNTIF($AF$3:$AF$75,AE77) -> 14 | AG77: Union | AH77: =COUNTIF($AH$3:$AH$75,AG77) -> 4
A78: 38 | B78: Matam | C78: Mouhamed WAGUE | D78: Private | E78: Tractor | G78: Bokidiawé | H78: Bokidiawé | I78: Mouhamed WAGUE | J78: 775630834 | K78: TAFE | N78: Moins de 100 | O78: Function | P78: 2019 | Q78: Offset | R78: Function | S78: 2019 | Z78: {=IFERROR(_xlfn._xlws.FILTER(C78,E78="Tractor"),"")} -> Mouhamed WAGUE | AB78: {=IFERROR(_xlfn._xlws.FILTER(C78,F78="Combine Harvester"),"")} | AE78: Private | AF78: =COUNTIF($AF$3:$AF$75,AE78) -> 59 | AG78: Private | AH78: =COUNTIF($AH$3:$AH$75,AG78) -> 4
A79: 39 | B79: Kanel | C79: Amadou KANE | D79: Private | E79: Tractor | G79: Ndendory | H79: Ndendory | I79: Amadou KANE | J79: 78 479 60 40 | K79: Autre | O79: Function | P79: 2017 | Q79: Offset | R79: Function | S79: 2017 | Z79: {=IFERROR(_xlfn._xlws.FILTER(C79,E79="Tractor"),"")} -> Amadou KANE | AB79: {=IFERROR(_xlfn._xlws.FILTER(C79,F79="Combine Harvester"),"")}
A80: 39 | B80: Matam | C80: Yaya Abdoul KANE | D80: Private | E80: Tractor | G80: Dabia | H80: Dabia | I80: KANE ANCAR | J80: 775604264 | K80: John Deere | N80: 125 | O80: Function | P80: 2019 | Q80: Offset | R80: Function | S80: 2019 | Z80: {=IFERROR(_xlfn._xlws.FILTER(C80,E80="Tractor"),"")} -> Yaya Abdoul KANE | AB80: {=IFERROR(_xlfn._xlws.FILTER(C80,F80="Combine Harvester"),"")}
A81: 40 | B81: Kanel | C81: Famille Mbégnouga | D81: Private | E81: Tractor | G81: Orkadiéré | H81: Orkadiere | I81: Adama Mbégnouga | J81: 77 563 94 83 | K81: TAFE | N81: 100 | O81: Function | P81: N/A | R81: N/A | S81: N/A | Z81: {=IFERROR(_xlfn._xlws.FILTER(C81,E81="Tractor"),"")} -> Famille Mbégnouga | AB81: {=IFERROR(_xlfn._xlws.FILTER(C81,F81="Combine Harvester"),"")}
A82: 40 | B82: Matam | C82: Demba Gatta THIOUB | D82: Private | E82: Tractor | G82: Matam | H82: Matam/ogo | I82: Demba Gatta THIOUB | J82: 775712977 | O82: N/A | P82: N/A | Z82: {=IFERROR(_xlfn._xlws.FILTER(C82,E82="Tractor"),"")} -> Demba Gatta THIOUB | AB82: {=IFERROR(_xlfn._xlws.FILTER(C82,F82="Combine Harvester"),"")}
A83: 41 | B83: Kanel | C83: Thierno Abdoul BA | D83: Private | E83: Tractor | G83: Orkadiéré | H83: Orkadiere | I83: Thierno Abdoul BA | J83: 77 131 12 25 | K83: TAFE | N83: Moins de 100 | O83: Function | P83: N/A | R83: N/A | S83: N/A | Z83: {=IFERROR(_xlfn._xlws.FILTER(C83,E83="Tractor"),"")} -> Thierno Abdoul BA | AB83: {=IFERROR(_xlfn._xlws.FILTER(C83,F83="Combine Harvester"),"")}
A84: 42 | B84: Kanel | C84: DIENG et Fammile | D84: Private | E84: Tractor | G84: Aouré | H84: Aouré | I84: DIENG | J84: 77 674 88 65 | K84: TAFE | N84: 100 | O84: N/A | P84: N/A | R84: N/A | S84: N/A | Z84: {=IFERROR(_xlfn._xlws.FILTER(C84,E84="Tractor"),"")} -> DIENG et Fammile | AB84: {=IFERROR(_xlfn._xlws.FILTER(C84,F84="Combine Harvester"),"")}
A85: 44 | B85: Kanel | C85: Samba KANE | D85: Private | E85: Tractor | G85: Semmé | H85: Aouré | I85: Samba KANE | J85: 77 638 56 06 | K85: John Deere | N85: 125 | O85: N/A | P85: N/A | R85: N/A | S85: N/A | Z85: {=IFERROR(_xlfn._xlws.FILTER(C85,E85="Tractor"),"")} -> Samba KANE | AB85: {=IFERROR(_xlfn._xlws.FILTER(C85,F85="Combine Harvester"),"")}
A86: 45 | B86: Kanel | C86: Talla | D86: Private | E86: Tractor | G86: Sinthiou Bamambé | H86: Ndendory | I86: Talla | J86: 77 268 34 66 | K86: TAFE | N86: 100 | O86: Function | P86: N/A | R86: N/A | S86: N/A | Z86: {=IFERROR(_xlfn._xlws.FILTER(C86,E86="Tractor"),"")} -> Talla | AB86: {=IFERROR(_xlfn._xlws.FILTER(C86,F86="Combine Harvester"),"")}
A87: 46 | B87: Kanel | C87: Mamadou TALL | D87: Private | E87: Tractor | G87: Sinthiou Bamambé | H87: Ndendory | I87: Mmadou TALL | J87: 77 626 18 08 | K87: RENAULT | O87: Breakdown | P87: N/A | R87: N/A | S87: N/A | Z87: {=IFERROR(_xlfn._xlws.FILTER(C87,E87="Tractor"),"")} -> Mamadou TALL | AB87: {=IFERROR(_xlfn._xlws.FILTER(C87,F87="Combine Harvester"),"")}
A88: 47 | B88: Kanel | C88: Docteur DAFF | D88: Private | E88: Tractor | G88: Sinthiou Bamambé | H88: Ndendory | I88: Docteur DAFF | K88: TAFE | N88: 100 | O88: Function | P88: N/A | R88: N/A | S88: N/A | Z88: {=IFERROR(_xlfn._xlws.FILTER(C88,E88="Tractor"),"")} -> Docteur DAFF | AB88: {=IFERROR(_xlfn._xlws.FILTER(C88,F88="Combine Harvester"),"")}
A89: 48 | B89: Kanel | C89: Samba DIENG | D89: Private | E89: Tractor | G89: Walel | H89: Orkadiere | I89: Samba DIENG | J89: 77 674 88 65 | K89: TAFE | N89: 100 | O89: Function | P89: N/A | R89: N/A | S89: N/A | Z89: {=IFERROR(_xlfn._xlws.FILTER(C89,E89="Tractor"),"")} -> Samba DIENG | AB89: {=IFERROR(_xlfn._xlws.FILTER(C89,F89="Combine Harvester"),"")}
A90: 49 | B90: Kanel | C90: BARRO | D90: Private | E90: Tractor | G90: Dialloubé | H90: Semmé | I90: barro | J90: 78 112 38 44 | K90: Foton | O90: Function | P90: N/A | R90: N/A | S90: N/A | Z90: {=IFERROR(_xlfn._xlws.FILTER(C90,E90="Tractor"),"")} -> BARRO | AB90: {=IFERROR(_xlfn._xlws.FILTER(C90,F90="Combine Harvester"),"")}
A91: 50 | B91: Kanel | C91: Mamel DEME | D91: Private | E91: Tractor | G91: Doundé | H91: Semmé | I91: Mamel DEME | J91: 77 857 83 18 | K91: SONOLIKA | O91: N/A | P91: N/A | R91: N/A | S91: N/A | Z91: {=IFERROR(_xlfn._xlws.FILTER(C91,E91="Tractor"),"")} -> Mamel DEME | AB91: {=IFERROR(_xlfn._xlws.FILTER(C91,F91="Combine Harvester"),"")}
A92: 51 | B92: Kanel | C92: Oumar Aguibou SOW | D92: Union | E92: Tractor | G92: Aouré | H92: Aouré | I92: Oumar Aguibou SOW | J92: 77 048 13 19 | K92: Foton (2) | O92: N/A | P92: N/A | R92: N/A | S92: N/A | Z92: {=IFERROR(_xlfn._xlws.FILTER(C92,E92="Tractor"),"")} -> Oumar Aguibou SOW | AB92: {=IFERROR(_xlfn._xlws.FILTER(C92,F92="Combine Harvester"),"")}
A93: 52 | B93: Kanel | C93: Moussa BEYTA | D93: Private | E93: Tractor | G93: Wendou nody | H93: Ndendory | I93: Moussa BEYTA | J93: 77 089 24 99 | K93: TAFE | N93: 100 | O93: Function | P93: N/A | R93: N/A | S93: N/A | Z93: {=IFERROR(_xlfn._xlws.FILTER(C93,E93="Tractor"),"")} -> Moussa BEYTA | AB93: {=IFERROR(_xlfn._xlws.FILTER(C93,F93="Combine Harvester"),"")}
A94: 53 | B94: Kanel | C94: Harouna | D94: Private | E94: Tractor | G94: Semmé | H94: Aouré | I94: harouna | J94: 77 931 16 28 | K94: New holland | N94: 100 | O94: Function | P94: N/A | R94: N/A | S94: N/A | Z94: {=IFERROR(_xlfn._xlws.FILTER(C94,E94="Tractor"),"")} -> Harouna | AB94: {=IFERROR(_xlfn._xlws.FILTER(C94,F94="Combine Harvester"),"")}
G136: Agnam Civol | H136: =COUNTIFS($G$3:$G$94,G136,$E$3:$E$94,"Tractor") -> 2
G137: Bokidiawé | H137: =COUNTIFS($G$3:$G$94,G137,$E$3:$E$94,"Tractor") -> 10
G138: Dabia | H138: =COUNTIFS($G$3:$G$94,G138,$E$3:$E$94,"Tractor") -> 5
G139: Danthiady | H139: =COUNTIFS($G$3:$G$94,G139,$E$3:$E$94,"Tractor") -> 1
G140: Matam | H140: =COUNTIFS($G$3:$G$94,G140,$E$3:$E$94,"Tractor") -> 6
G141: Ogo | H141: =COUNTIFS($G$3:$G$94,G141,$E$3:$E$94,"Tractor") -> 1
...

Sheet Analysis
A1: Inventory Result (Matam and Kanel)
A3: Type of Machine
A4: Type of Machine | D4: Number of Machine
A5: Tractor | D5: =COUNTIF('Raw Data'!$E$3:$E$94,Analysis!A5) -> 92 | J5: =COUNTIFS('Raw Data'!$E$3:$E$94,Analysis!A5,'Raw Data'!$B$3:$B$94,"Matam") -> 40 | K5: =COUNTIFS('Raw Data'!$E$3:$E$94,Analysis!A5,'Raw Data'!$B$3:$B$94,"Kanel") -> 52
A6: Combine Harvester | D6: =COUNTIF('Raw Data'!$F$3:$F$94,Analysis!A6) -> 18 | J6: =COUNTIFS('Raw Data'!$F$3:$F$94,Analysis!A6,'Raw Data'!$B$3:$B$94,"Matam") -> 7 | K6: =COUNTIFS('Raw Data'!$F$3:$F$94,Analysis!A6,'Raw Data'!$B$3:$B$94,"Kanel") -> 11
A7: Total | D7: =SUM(D5:D6) -> 110
A9: Type of Owner
A10: Type of Owner | D10: Type of Machine | F10: Number of Owner | G10: Possetion Rate of Owner
A11: Union | D11: Tractor | F11: =COUNTIFS('Raw Data'!$D$3:$D$94,Analysis!A11,'Raw Data'!$E$3:$E$94,Analysis!D11) -> 19 | G11: =ROUND(F11/$D$5,2) -> 0.21
A12: Union | D12: Combine Harvester | F12: =COUNTIFS('Raw Data'!$D$3:$D$94,Analysis!A12,'Raw Data'!$F$3:$F$94,Analysis!D12) -> 5 | G12: =ROUND(F12/$D$6,2) -> 0.28
A13: Sub-total | F13: =SUM(F11:F12) -> 24 | G13: -
A14: Private | D14: Tractor | F14: =COUNTIFS('Raw Data'!$D$3:$D$94,Analysis!A14,'Raw Data'!$E$3:$E$94,Analysis!D14) -> 73 | G14: =ROUND(F14/$D$5,2) -> 0.79
A15: Private | D15: Combine Harvester | F15: =COUNTIFS('Raw Data'!$D$3:$D$94,Analysis!A15,'Raw Data'!$F$3:$F$94,Analysis!D15) -> 13 | G15: =ROUND(F15/$D$6,2) -> 0.72
A16: Sub-total | F16: =SUM(F14:F15) -> 86 | G16: -
A17: Total | F17: =SUMIF(A11:A16,"Sub-total",F11:F16) -> 110 | G17: -
A19: Operational Situation of Machine
A20: Operation Situation | D20: Type of Machine | F20: Number of Operational Machine | G20: Operational Rate
A21: Function | D21: Tractor | F21: =COUNTIFS('Raw Data'!$O$3:$O$94,Analysis!A21,'Raw Data'!$E$3:$E$94,Analysis!D21) -> 73 | G21: =ROUND(F21/$D$5,2) -> 0.79 | J21: =COUNTIFS('Raw Data'!$O$3:$O$94,Analysis!A21,'Raw Data'!$E$3:$E$94,Analysis!D21,'Raw Data'!$B$3:$B$94,"Matam") -> 37 | K21: =COUNTIFS('Raw Data'!$O$3:$O$94,Analysis!A21,'Raw Data'!$E$3:$E$94,Analysis!D21,'Raw Data'!$B$3:$B$94,"Kanel") -> 36
A22: Function | D22: Combine Harvester | F22: =COUNTIFS('Raw Data'!$W$3:$W$94,Analysis!A22,'Raw Data'!$F$3:$F$94,Analysis!D22) -> 9 | G22: =ROUND(F22/$D$6,2) -> 0.5 | J22: =COUNTIFS('Raw Data'!$W$3:$W$94,Analysis!A22,'Raw Data'!$F$3:$F$94,Analysis!D22,'Raw Data'!$B$3:$B$94,"Matam") -> 6 | K22: =COUNTIFS('Raw Data'!$W$3:$W$94,Analysis!A22,'Raw Data'!$F$3:$F$94,Analysis!D22,'Raw Data'!$B$3:$B$94,"Kanel") -> 3
A23: Sub-total | F23: =SUM(F21:F22) -> 82 | G23: -
A24: Breakdown | D24: Tractor | F24: =COUNTIFS('Raw Data'!$O$3:$O$94,Analysis!A24,'Raw Data'!$E$3:$E$94,Analysis!D24) -> 14 | G24: =ROUND(F24/$D$5,2) -> 0.15
A25: Breakdown | D25: Combine Harvester | F25: =COUNTIFS('Raw Data'!$W$3:$W$94,Analysis!A25,'Raw Data'!$F$3:$F$94,Analysis!D25) -> 9 | G25: =ROUND(F25/$D$6,2) -> 0.5
A26: Sub-total | F26: =SUM(F24:F25) -> 23 | G26: -
A27: N/A | D27: Tractor | F27: =COUNTIFS('Raw Data'!$O$3:$O$94,Analysis!A27,'Raw Data'!$E$3:$E$94,Analysis!D27) -> 5 | G27: =ROUND(F27/$D$5,2) -> 0.05
A28: N/A | D28: Combine Harvester | F28: =COUNTIFS('Raw Data'!$W$3:$W$94,Analysis!A28,'Raw Data'!$F$3:$F$94,Analysis!D28) -> 0 | G28: =ROUND(F28/$D$6,2) -> 0
A29: Sub-total | F29: =SUM(F27:F28) -> 5 | G29: -
A30: Total | F30: =SUMIF(A21:A29,"Sub-total",F21:F29) -> 110
A32: Owner-basis Operational Situation of Tractor
A33: Type of Owner | D33: Operation Situation | E33: Type of Machine | F33: Number of Operational Machine | G33: Operational Rate
A34: Union | D34: Function | E34: Tractor | F34: =COUNTIFS('Raw Data'!$D$3:$D$94,Analysis!A34,'Raw Data'!$O$3:$O$94,Analysis!D34,'Raw Data'!$E$3:$E$94,E34) -> 13 | G34: =ROUND(F34/$F$36,2) -> 0.72
A35: Union | D35: Breakdown | E35: Tractor | F35: =COUNTIFS('Raw Data'!$D$3:$D$94,Analysis!A35,'Raw Data'!$O$3:$O$94,Analysis!D35,'Raw Data'!$E$3:$E$94,E35) -> 5 | G35: =ROUND(F35/$F$36,2) -> 0.28
A36: Sub-total | F36: =SUM(F34:F35) -> 18 | G36: -
A37: Private | D37: Function | E37: Tractor | F37: =COUNTIFS('Raw Data'!$D$3:$D$94,Analysis!A37,'Raw Data'!$O$3:$O$94,Analysis!D37,'Raw Data'!$E$3:$E$94,E37) -> 60 | G37: =ROUND(F37/$F$39,2) -> 0.87
A38: Private | D38: Breakdown | E38: Tractor | F38: =COUNTIFS('Raw Data'!$D$3:$D$94,Analysis!A38,'Raw Data'!$O$3:$O$94,Analysis!D38,'Raw Data'!$E$3:$E$94,E38) -> 9 | G38: =ROUND(F38/$F$39,2) -> 0.13
A39: Sub-total | F39: =SUM(F37:F38) -> 69 | G39: -
A41: Owner-basis Operational Situation of Combine Harvester
A42: Type of Owner | D42: Operation Situation | E42: Type of Machine | F42: Number of Operational Machine | G42: Operational Rate
A43: Union | D43: Function | E43: Combine Harvester | F43: =COUNTIFS('Raw Data'!$D$3:$D$94,Analysis!A43,'Raw Data'!$W$3:$W$94,Analysis!D43,'Raw Data'!$F$3:$F$94,E43) -> 5 | G43: =ROUND(F43/$F$45,2) -> 1
A44: Union | D44: Breakdown | E44: Combine Harvester | F44: =COUNTIFS('Raw Data'!$D$3:$D$94,Analysis!A44,'Raw Data'!$W$3:$W$94,Analysis!D44,'Raw Data'!$F$3:$F$94,E44) -> 0 | G44: =ROUND(F44/$F$45,2) -> 0
A45: Sub-total | F45: =SUM(F43:F44) -> 5 | G45: -
A46: Private | D46: Function | E46: Combine Harvester | F46: =COUNTIFS('Raw Data'!$D$3:$D$94,Analysis!A46,'Raw Data'!$W$3:$W$94,Analysis!D46,'Raw Data'!$F$3:$F$94,E46) -> 4 | G46: =ROUND(F46/$F$48,2) -> 0.31
A47: Private | D47: Breakdown | E47: Combine Harvester | F47: =COUNTIFS('Raw Data'!$D$3:$D$94,Analysis!A47,'Raw Data'!$W$3:$W$94,Analysis!D47,'Raw Data'!$F$3:$F$94,E47) -> 9 | G47: =ROUND(F47/$F$48,2) -> 0.69
A48: Sub-total | F48: =SUM(F46:F47) -> 13 | G48: -
A50: Acquisition Period of Machine
A51: Acquisition Year | B51: Year | D51: Number of Machine
A52: Before 2018 | B52: >2018 | D52: =COUNTIF('Raw Data'!P3:P94,"<2018")+COUNTIF('Raw Data'!X3:X94,"<2018") -> 56
A53: Year 2018 | B53: 2018 | D53: =COUNTIFS('Raw Data'!$P$3:$P$94,Analysis!B53,'Raw Data'!$E$3:$E$94,"Tractor")+COUNTIFS('Raw Data'!$X$3:$X$94,Analysis!B53,'Raw Data'!$F$3:$F$94,"Combine Harvester") -> 1
A54: Year 2019 | B54: 2019 | D54: =COUNTIFS('Raw Data'!$P$3:$P$94,Analysis!B54,'Raw Data'!$E$3:$E$94,"Tractor")+COUNTIFS('Raw Data'!$X$3:$X$94,Analysis!B54,'Raw Data'!$F$3:$F$94,"Combine Harvester") -> 35
A55: Year 2020 | B55: 2020 | D55: =COUNTIFS('Raw Data'!$P$3:$P$94,Analysis!B55,'Raw Data'!$E$3:$E$94,"Tractor")+COUNTIFS('Raw Data'!$X$3:$X$94,Analysis!B55,'Raw Data'!$F$3:$F$94,"Combine Harvester") -> 2
A56: Year 2021 | B56: 2021 | D56: =COUNTIFS('Raw Data'!$P$3:$P$94,Analysis!B56,'Raw Data'!$E$3:$E$94,"Tractor")+COUNTIFS('Raw Data'!$X$3:$X$94,Analysis!B56,'Raw Data'!$F$3:$F$94,"Combine Harvester") -> 0
A57: Year 2022 | B57: 2022 | D57: =COUNTIFS('Raw Data'!$P$3:$P$94,Analysis!B57,'Raw Data'!$E$3:$E$94,"Tractor")+COUNTIFS('Raw Data'!$X$3:$X$94,Analysis!B57,'Raw Data'!$F$3:$F$94,"Combine Harvester") -> 0
A58: Year 2023 | B58: 2023 | D58: =COUNTIFS('Raw Data'!$P$3:$P$94,Analysis!B58,'Raw Data'!$E$3:$E$94,"Tractor")+COUNTIFS('Raw Data'!$X$3:$X$94,Analysis!B58,'Raw Data'!$F$3:$F$94,"Combine Harvester") -> 0
A59: Year 2024 | B59: 2024 | D59: =COUNTIFS('Raw Data'!$P$3:$P$94,Analysis!B59,'Raw Data'!$E$3:$E$94,"Tractor")+COUNTIFS('Raw Data'!$X$3:$X$94,Analysis!B59,'Raw Data'!$F$3:$F$94,"Combine Harvester") -> 0
A60: Year 2025 | B60: 2025 | D60: =COUNTIFS('Raw Data'!$P$3:$P$94,Analysis!B60,'Raw Data'!$E$3:$E$94,"Tractor")+COUNTIFS('Raw Data'!$X$3:$X$94,Analysis!B60,'Raw Data'!$F$3:$F$94,"Combine Harvester") -> 0
A61: N/A | B61: N/A | D61: =COUNTIFS('Raw Data'!$P$3:$P$94,Analysis!B61,'Raw Data'!$E$3:$E$94,"Tractor")+COUNTIFS('Raw Data'!$X$3:$X$94,Analysis!B61,'Raw Data'!$F$3:$F$94,"Combine Harvester") -> 16
A62: Total | D62: =SUM(D52:D61) -> 110
A64: Acquisition Period of Tractor
A65: Acquisition Year | B65: Year | C65: Type of Machine | D65: Number of Machine
A66: Before 2018 | B66: >2018 | C66: Tractor | D66: =COUNTIF('Raw Data'!P3:P94,"<2018") -> 53
A67: Year 2018 | B67: 2018 | C67: Tractor | D67: =COUNTIFS('Raw Data'!$P$3:$P$94,Analysis!B67,'Raw Data'!$E$3:$E$94,C67) -> 0
A68: Year 2019 | B68: 2019 | C68: Tractor | D68: =COUNTIFS('Raw Data'!$P$3:$P$94,Analysis!B68,'Raw Data'!$E$3:$E$94,C68) -> 23
A69: Year 2020 | B69: 2020 | C69: Tractor | D69: =COUNTIFS('Raw Data'!$P$3:$P$94,Analysis!B69,'Raw Data'!$E$3:$E$94,C69) -> 1
A70: Year 2021 | B70: 2021 | C70: Tractor | D70: =COUNTIFS('Raw Data'!$P$3:$P$94,Analysis!B70,'Raw Data'!$E$3:$E$94,C70) -> 0
A71: Year 2022 | B71: 2022 | C71: Tractor | D71: =COUNTIFS('Raw Data'!$P$3:$P$94,Analysis!B71,'Raw Data'!$E$3:$E$94,C71) -> 0
A72: Year 2023 | B72: 2023 | C72: Tractor | D72: =COUNTIFS('Raw Data'!$P$3:$P$94,Analysis!B72,'Raw Data'!$E$3:$E$94,C72) -> 0
A73: Year 2024 | B73: 2024 | C73: Tractor | D73: =COUNTIFS('Raw Data'!$P$3:$P$94,Analysis!B73,'Raw Data'!$E$3:$E$94,C73) -> 0
A74: Year 2025 | B74: 2025 | C74: Tractor | D74: =COUNTIFS('Raw Data'!$P$3:$P$94,Analysis!B74,'Raw Data'!$E$3:$E$94,C74) -> 0
A75: N/A | B75: N/A | C75: Tractor | D75: =COUNTIFS('Raw Data'!$P$3:$P$94,Analysis!B75,'Raw Data'!$E$3:$E$94,C75) -> 15
A76: Total | D76: =SUM(D66:D75) -> 92
A78: Acquisition Period of Combine Harvester
A79: Acquisition Year | B79: Year | C79: Type of Machine | D79: Number of Machine
A80: Before 2018 | B80: >2018 | C80: Combine Harvester | D80: =COUNTIF('Raw Data'!X3:X94,"<2018") -> 3
A81: Year 2018 | B81: 2018 | C81: Combine Harvester | D81: =COUNTIFS('Raw Data'!$X$3:$X$94,Analysis!B81,'Raw Data'!$F$3:$F$94,C81) -> 1
A82: Year 2019 | B82: 2019 | C82: Combine Harvester | D82: =COUNTIFS('Raw Data'!$X$3:$X$94,Analysis!B82,'Raw Data'!$F$3:$F$94,C82) -> 12
A83: Year 2020 | B83: 2020 | C83: Combine Harvester | D83: =COUNTIFS('Raw Data'!$X$3:$X$94,Analysis!B83,'Raw Data'!$F$3:$F$94,C83) -> 1
A84: Year 2021 | B84: 2021 | C84: Combine Harvester | D84: =COUNTIFS('Raw Data'!$X$3:$X$94,Analysis!B84,'Raw Data'!$F$3:$F$94,C84) -> 0
A85: Year 2022 | B85: 2022 | C85: Combine Harvester | D85: =COUNTIFS('Raw Data'!$X$3:$X$94,Analysis!B85,'Raw Data'!$F$3:$F$94,C85) -> 0
A86: Year 2023 | B86: 2023 | C86: Combine Harvester | D86: =COUNTIFS('Raw Data'!$X$3:$X$94,Analysis!B86,'Raw Data'!$F$3:$F$94,C86) -> 0
A87: Year 2024 | B87: 2024 | C87: Combine Harvester | D87: =COUNTIFS('Raw Data'!$X$3:$X$94,Analysis!B87,'Raw Data'!$F$3:$F$94,C87) -> 0
A88: Year 2025 | B88: 2025 | C88: Combine Harvester | D88: =COUNTIFS('Raw Data'!$X$3:$X$94,Analysis!B88,'Raw Data'!$F$3:$F$94,C88) -> 0
A89: N/A | B89: N/A | C89: Combine Harvester | D89: =COUNTIFS('Raw Data'!$X$3:$X$94,Analysis!B89,'Raw Data'!$F$3:$F$94,C89) -> 1
A90: Total | D90: =SUM(D80:D89) -> 18

Sheet Analysis_Commune
A1: Nombre de tracteurs
A2: Secteur | B2: Commune | C2: Type materiel | D2: Type materiel | E2: Nombre de tracteurs
E3: Bon état | F3: Panne
E4: Function | F4: Breakdown
A5: Agnam/Oréfondé | B5: Agnam Civol | C5: Tracteur | D5: Tractor | E5: =COUNTIFS('Raw Data'!$G$3:$G$94,Analysis_Commune!$B5,'Raw Data'!$E$3:$E$94,Analysis_Commune!$D5,'Raw Data'!$O$3:$O$94,Analysis_Commune!E$4) -> 2 | F5: =COUNTIFS('Raw Data'!$G$3:$G$94,Analysis_Commune!$B5,'Raw Data'!$E$3:$E$94,Analysis_Commune!$D5,'Raw Data'!$O$3:$O$94,Analysis_Commune!F$4) -> 0
A6: Sous-total | E6: =SUM(E5) -> 2 | F6: =SUM(F5) -> 0
A7: Bokidiawé | B7: Bokidiawé | C7: Tracteur | D7: Tractor | E7: =COUNTIFS('Raw Data'!$G$3:$G$94,Analysis_Commune!$B7,'Raw Data'!$E$3:$E$94,Analysis_Commune!$D7,'Raw Data'!$O$3:$O$94,Analysis_Commune!E$4) -> 10 | F7: =COUNTIFS('Raw Data'!$G$3:$G$94,Analysis_Commune!$B7,'Raw Data'!$E$3:$E$94,Analysis_Commune!$D7,'Raw Data'!$O$3:$O$94,Analysis_Commune!F$4) -> 0
A8: Sous-total | E8: =SUM(E7:E7) -> 10 | F8: =SUM(F7:F7) -> 0
A9: Dabia | B9: Dabia | C9: Tracteur | D9: Tractor | E9: =COUNTIFS('Raw Data'!$G$3:$G$94,Analysis_Commune!$B9,'Raw Data'!$E$3:$E$94,Analysis_Commune!$D9,'Raw Data'!$O$3:$O$94,Analysis_Commune!E$4) -> 5 | F9: =COUNTIFS('Raw Data'!$G$3:$G$94,Analysis_Commune!$B9,'Raw Data'!$E$3:$E$94,Analysis_Commune!$D9,'Raw Data'!$O$3:$O$94,Analysis_Commune!F$4) -> 0
A10: Sous-total | E10: =SUM(E9:E9) -> 5 | F10: =SUM(F9:F9) -> 0
A11: Matam/ogo | B11: Danthiady | C11: Tracteur | D11: Tractor | E11: =COUNTIFS('Raw Data'!$G$3:$G$94,Analysis_Commune!$B11,'Raw Data'!$E$3:$E$94,Analysis_Commune!$D11,'Raw Data'!$O$3:$O$94,Analysis_Commune!E$4) -> 1 | F11: =COUNTIFS('Raw Data'!$G$3:$G$94,Analysis_Commune!$B11,'Raw Data'!$E$3:$E$94,Analysis_Commune!$D11,'Raw Data'!$O$3:$O$94,Analysis_Commune!F$4) -> 0
A12: Matam/ogo | B12: Matam | C12: Tracteur | D12: Tractor | E12: =COUNTIFS('Raw Data'!$G$3:$G$94,Analysis_Commune!$B12,'Raw Data'!$E$3:$E$94,Analysis_Commune!$D12,'Raw Data'!$O$3:$O$94,Analysis_Commune!E$4) -> 3 | F12: =COUNTIFS('Raw Data'!$G$3:$G$94,Analysis_Commune!$B12,'Raw Data'!$E$3:$E$94,Analysis_Commune!$D12,'Raw Data'!$O$3:$O$94,Analysis_Commune!F$4) -> 2
A13: Matam/ogo | B13: Ogo | C13: Tracteur | D13: Tractor | E13: =COUNTIFS('Raw Data'!$G$3:$G$94,Analysis_Commune!$B13,'Raw Data'!$E$3:$E$94,Analysis_Commune!$D13,'Raw Data'!$O$3:$O$94,Analysis_Commune!E$4) -> 1 | F13: =COUNTIFS('Raw Data'!$G$3:$G$94,Analysis_Commune!$B13,'Raw Data'!$E$3:$E$94,Analysis_Commune!$D13,'Raw Data'!$O$3:$O$94,Analysis_Commune!F$4) -> 0
A14: Matam/ogo | B14: Ourossogui | C14: Tracteur | D14: Tractor | E14: =COUNTIFS('Raw Data'!$G$3:$G$94,Analysis_Commune!$B14,'Raw Data'!$E$3:$E$94,Analysis_Commune!$D14,'Raw Data'!$O$3:$O$94,Analysis_Commune!E$4) -> 3 | F14: =COUNTIFS('Raw Data'!$G$3:$G$94,Analysis_Commune!$B14,'Raw Data'!$E$3:$E$94,Analysis_Commune!$D14,'Raw Data'!$O$3:$O$94,Analysis_Commune!F$4) -> 0
A15: Sous-total | E15: =SUM(E11:E14) -> 8 | F15: =SUM(F11:F14) -> 2
A16: Nabadji | B16: Nabadji Civol | C16: Tracteur | D16: Tractor | E16: =COUNTIFS('Raw Data'!$G$3:$G$94,Analysis_Commune!$B16,'Raw Data'!$E$3:$E$94,Analysis_Commune!$D16,'Raw Data'!$O$3:$O$94,Analysis_Commune!E$4) -> 12 | F16: =COUNTIFS('Raw Data'!$G$3:$G$94,Analysis_Commune!$B16,'Raw Data'!$E$3:$E$94,Analysis_Commune!$D16,'Raw Data'!$O$3:$O$94,Analysis_Commune!F$4) -> 0
A17: Sous-total | E17: =SUM(E16) -> 12 | F17: =SUM(F16) -> 0
A18: Aouré | B18: Aouré | C18: Tracteur | D18: Tractor | E18: =COUNTIFS('Raw Data'!$G$3:$G$94,Analysis_Commune!$B18,'Raw Data'!$E$3:$E$94,Analysis_Commune!$D18,'Raw Data'!$O$3:$O$94,Analysis_Commune!E$4) -> 0 | F18: =COUNTIFS('Raw Data'!$G$3:$G$94,Analysis_Commune!$B18,'Raw Data'!$E$3:$E$94,Analysis_Commune!$D18,'Raw Data'!$O$3:$O$94,Analysis_Commune!F$4) -> 1
A19: Aouré | B19: Semmé | C19: Tracteur | D19: Tractor | E19: =COUNTIFS('Raw Data'!$G$3:$G$94,Analysis_Commune!$B19,'Raw Data'!$E$3:$E$94,Analysis_Commune!$D19,'Raw Data'!$O$3:$O$94,Analysis_Commune!E$4) -> 1 | F19: =COUNTIFS('Raw Data'!$G$3:$G$94,Analysis_Commune!$B19,'Raw Data'!$E$3:$E$94,Analysis_Commune!$D19,'Raw Data'!$O$3:$O$94,Analysis_Commune!F$4) -> 0
A20: Sous-total | E20: =SUM(E18:E19) -> 1 | F20: =SUM(F18:F19) -> 1
A21: Ndendory | B21: Hamady Ounaré | C21: Tracteur | D21: Tractor | E21: =COUNTIFS('Raw Data'!$G$3:$G$94,Analysis_Commune!$B21,'Raw Data'!$E$3:$E$94,Analysis_Commune!$D21,'Raw Data'!$O$3:$O$94,Analysis_Commune!E$4) -> 6 | F21: =COUNTIFS('Raw Data'!$G$3:$G$94,Analysis_Commune!$B21,'Raw Data'!$E$3:$E$94,Analysis_Commune!$D21,'Raw Data'!$O$3:$O$94,Analysis_Commune!F$4) -> 1
A22: Ndendory | B22: Ndendory | C22: Tracteur | D22: Tractor | E22: =COUNTIFS('Raw Data'!$G$3:$G$94,Analysis_Commune!$B22,'Raw Data'!$E$3:$E$94,Analysis_Commune!$D22,'Raw Data'!$O$3:$O$94,Analysis_Commune!E$4) -> 3 | F22: =COUNTIFS('Raw Data'!$G$3:$G$94,Analysis_Commune!$B22,'Raw Data'!$E$3:$E$94,Analysis_Commune!$D22,'Raw Data'!$O$3:$O$94,Analysis_Commune!F$4) -> 1
A23: Ndendory | B23: Sinthiou Bamambé | C23: Tracteur | D23: Tractor | E23: =COUNTIFS('Raw Data'!$G$3:$G$94,Analysis_Commune!$B23,'Raw Data'!$E$3:$E$94,Analysis_Commune!$D23,'Raw Data'!$O$3:$O$94,Analysis_Commune!E$4) -> 3 | F23: =COUNTIFS('Raw Data'!$G$3:$G$94,Analysis_Commune!$B23,'Raw Data'!$E$3:$E$94,Analysis_Commune!$D23,'Raw Data'!$O$3:$O$94,Analysis_Commune!F$4) -> 1
A24: Ndendory | B24: Wendou nody | C24: Tracteur | D24: Tractor | E24: =COUNTIFS('Raw Data'!$G$3:$G$94,Analysis_Commune!$B24,'Raw Data'!$E$3:$E$94,Analysis_Commune!$D24,'Raw Data'!$O$3:$O$94,Analysis_Commune!E$4) -> 1 | F24: =COUNTIFS('Raw Data'!$G$3:$G$94,Analysis_Commune!$B24,'Raw Data'!$E$3:$E$94,Analysis_Commune!$D24,'Raw Data'!$O$3:$O$94,Analysis_Commune!F$4) -> 0
A25: Sous-total | E25: =SUM(E21:E24) -> 13 | F25: =SUM(F21:F24) -> 3
A26: Orkadiéré | B26: Dembacané | C26: Tracteur | D26: Tractor | E26: =COUNTIFS('Raw Data'!$G$3:$G$94,Analysis_Commune!$B26,'Raw Data'!$E$3:$E$94,Analysis_Commune!$D26,'Raw Data'!$O$3:$O$94,Analysis_Commune!E$4) -> 1 | F26: =COUNTIFS('Raw Data'!$G$3:$G$94,Analysis_Commune!$B26,'Raw Data'!$E$3:$E$94,Analysis_Commune!$D26,'Raw Data'!$O$3:$O$94,Analysis_Commune!F$4) -> 0
A27: Orkadiéré | B27: Orkadiéré | C27: Tracteur | D27: Tractor | E27: =COUNTIFS('Raw Data'!$G$3:$G$94,Analysis_Commune!$B27,'Raw Data'!$E$3:$E$94,Analysis_Commune!$D27,'Raw Data'!$O$3:$O$94,Analysis_Commune!E$4) -> 12 | F27: =COUNTIFS('Raw Data'!$G$3:$G$94,Analysis_Commune!$B27,'Raw Data'!$E$3:$E$94,Analysis_Commune!$D27,'Raw Data'!$O$3:$O$94,Analysis_Commune!F$4) -> 7
A28: Orkadiéré | B28: Walel | C28: Tracteur | D28: Tractor | E28: =COUNTIFS('Raw Data'!$G$3:$G$94,Analysis_Commune!$B28,'Raw Data'!$E$3:$E$94,Analysis_Commune!$D28,'Raw Data'!$O$3:$O$94,Analysis_Commune!E$4) -> 1 | F28: =COUNTIFS('Raw Data'!$G$3:$G$94,Analysis_Commune!$B28,'Raw Data'!$E$3:$E$94,Analysis_Commune!$D28,'Raw Data'!$O$3:$O$94,Analysis_Commune!F$4) -> 0
A29: Orkadiéré | B29: Waoundé | C29: Tracteur | D29: Tractor | E29: =COUNTIFS('Raw Data'!$G$3:$G$94,Analysis_Commune!$B29,'Raw Data'!$E$3:$E$94,Analysis_Commune!$D29,'Raw Data'!$O$3:$O$94,Analysis_Commune!E$4) -> 2 | F29: =COUNTIFS('Raw Data'!$G$3:$G$94,Analysis_Commune!$B29,'Raw Data'!$E$3:$E$94,Analysis_Commune!$D29,'Raw Data'!$O$3:$O$94,Analysis_Commune!F$4) -> 0
A30: Sous-total | E30: =SUM(E26:E29) -> 16 | F30: =SUM(F26:F29) -> 7
A31: Semmé | B31: Dialloubé | C31: Tracteur | D31: Tractor | E31: =COUNTIFS('Raw Data'!$G$3:$G$94,Analysis_Commune!$B31,'Raw Data'!$E$3:$E$94,Analysis_Commune!$D31,'Raw Data'!$O$3:$O$94,Analysis_Commune!E$4) -> 1 | F31: =COUNTIFS('Raw Data'!$G$3:$G$94,Analysis_Commune!$B31,'Raw Data'!$E$3:$E$94,Analysis_Commune!$D31,'Raw Data'!$O$3:$O$94,Analysis_Commune!F$4) -> 0
A32: Semmé | B32: Doundé | C32: Tracteur | D32: Tractor | E32: =COUNTIFS('Raw Data'!$G$3:$G$94,Analysis_Commune!$B32,'Raw Data'!$E$3:$E$94,Analysis_Commune!$D32,'Raw Data'!$O$3:$O$94,Analysis_Commune!E$4) -> 0 | F32: =COUNTIFS('Raw Data'!$G$3:$G$94,Analysis_Commune!$B32,'Raw Data'!$E$3:$E$94,Analysis_Commune!$D32,'Raw Data'!$O$3:$O$94,Analysis_Commune!F$4) -> 0
A33: Sous-total | E33: =SUM(E31:E32) -> 1 | F33: =SUM(F31:F32) -> 0
A34: Wouro Sidy | B34: Kanel | C34: Tracteur | D34: Tractor | E34: =COUNTIFS('Raw Data'!$G$3:$G$94,Analysis_Commune!$B34,'Raw Data'!$E$3:$E$94,Analysis_Commune!$D34,'Raw Data'!$O$3:$O$94,Analysis_Commune!E$4) -> 3 | F34: =COUNTIFS('Raw Data'!$G$3:$G$94,Analysis_Commune!$B34,'Raw Data'!$E$3:$E$94,Analysis_Commune!$D34,'Raw Data'!$O$3:$O$94,Analysis_Commune!F$4) -> 1
A35: Wouro Sidy | B35: Ounaré | C35: Tracteur | D35: Tractor | E35: =COUNTIFS('Raw Data'!$G$3:$G$94,Analysis_Commune!$B35,'Raw Data'!$E$3:$E$94,Analysis_Commune!$D35,'Raw Data'!$O$3:$O$94,Analysis_Commune!E$4) -> 1 | F35: =COUNTIFS('Raw Data'!$G$3:$G$94,Analysis_Commune!$B35,'Raw Data'!$E$3:$E$94,Analysis_Commune!$D35,'Raw Data'!$O$3:$O$94,Analysis_Commune!F$4) -> 0
A36: Wouro Sidy | B36: Wouro Sidy | C36: Tracteur | D36: Tractor | E36: =COUNTIFS('Raw Data'!$G$3:$G$94,Analysis_Commune!$B36,'Raw Data'!$E$3:$E$94,Analysis_Commune!$D36,'Raw Data'!$O$3:$O$94,Analysis_Commune!E$4) -> 1 | F36: =COUNTIFS('Raw Data'!$G$3:$G$94,Analysis_Commune!$B36,'Raw Data'!$E$3:$E$94,Analysis_Commune!$D36,'Raw Data'!$O$3:$O$94,Analysis_Commune!F$4) -> 0
A37: Sous-total | E37: =SUM(E34:E36) -> 5 | F37: =SUM(F34:F36) -> 1
A38: Total | E38: =SUMIF($A5:$A37,"Sous-total",E5:E37) -> 73 | F38: =SUMIF($A5:$A37,"Sous-total",F5:F37) -> 14
A40: Nombre de moissonneuses-batteuses
A41: Secteur | B41: Commune | C41: Type materiel | D41: Type materiel | E41: Nombre de tracteurs
E42: Bon état | F42: Panne
E43: Function | F43: Breakdown
A44: Agnam/Oréfondé | B44: Agnam Civol | C44: Moissonneuses-batteuses | D44: Combine Harvester | E44: =COUNTIFS('Raw Data'!$G$3:$G$94,Analysis_Commune!$B44,'Raw Data'!$F$3:$F$94,Analysis_Commune!$D44,'Raw Data'!$W$3:$W$94,Analysis_Commune!E$4) -> 0 | F44: =COUNTIFS('Raw Data'!$G$3:$G$94,Analysis_Commune!$B44,'Raw Data'!$F$3:$F$94,Analysis_Commune!$D44,'Raw Data'!$W$3:$W$94,Analysis_Commune!F$4) -> 0
A45: Sous-total | E45: =SUM(E44) -> 0 | F45: =SUM(F44) -> 0
A46: Bokidiawé | B46: Bokidiawé | C46: Moissonneuses-batteuses | D46: Combine Harvester | E46: =COUNTIFS('Raw Data'!$G$3:$G$94,Analysis_Commune!$B46,'Raw Data'!$F$3:$F$94,Analysis_Commune!$D46,'Raw Data'!$W$3:$W$94,Analysis_Commune!E$4) -> 2 | F46: =COUNTIFS('Raw Data'!$G$3:$G$94,Analysis_Commune!$B46,'Raw Data'!$F$3:$F$94,Analysis_Commune!$D46,'Raw Data'!$W$3:$W$94,Analysis_Commune!F$4) -> 0
A47: Sous-total | E47: =SUM(E46:E46) -> 2 | F47: =SUM(F46:F46) -> 0
A48: Dabia | B48: Dabia | C48: Moissonneuses-batteuses | D48: Combine Harvester | E48: =COUNTIFS('Raw Data'!$G$3:$G$94,Analysis_Commune!$B48,'Raw Data'!$F$3:$F$94,Analysis_Commune!$D48,'Raw Data'!$W$3:$W$94,Analysis_Commune!E$4) -> 2 | F48: =COUNTIFS('Raw Data'!$G$3:$G$94,Analysis_Commune!$B48,'Raw Data'!$F$3:$F$94,Analysis_Commune!$D48,'Raw Data'!$W$3:$W$94,Analysis_Commune!F$4) -> 0
A49: Sous-total | E49: =SUM(E48:E48) -> 2 | F49: =SUM(F48:F48) -> 0
A50: Matam/ogo | B50: Danthiady | C50: Moissonneuses-batteuses | D50: Combine Harvester | E50: =COUNTIFS('Raw Data'!$G$3:$G$94,Analysis_Commune!$B50,'Raw Data'!$F$3:$F$94,Analysis_Commune!$D50,'Raw Data'!$W$3:$W$94,Analysis_Commune!E$4) -> 0 | F50: =COUNTIFS('Raw Data'!$G$3:$G$94,Analysis_Commune!$B50,'Raw Data'!$F$3:$F$94,Analysis_Commune!$D50,'Raw Data'!$W$3:$W$94,Analysis_Commune!F$4) -> 0
A51: Matam/ogo | B51: Matam | C51: Moissonneuses-batteuses | D51: Combine Harvester | E51: =COUNTIFS('Raw Data'!$G$3:$G$94,Analysis_Commune!$B51,'Raw Data'!$F$3:$F$94,Analysis_Commune!$D51,'Raw Data'!$W$3:$W$94,Analysis_Commune!E$4) -> 0 | F51: =COUNTIFS('Raw Data'!$G$3:$G$94,Analysis_Commune!$B51,'Raw Data'!$F$3:$F$94,Analysis_Commune!$D51,'Raw Data'!$W$3:$W$94,Analysis_Commune!F$4) -> 0
A52: Matam/ogo | B52: Ogo | C52: Moissonneuses-batteuses | D52: Combine Harvester | E52: =COUNTIFS('Raw Data'!$G$3:$G$94,Analysis_Commune!$B52,'Raw Data'!$F$3:$F$94,Analysis_Commune!$D52,'Raw Data'!$W$3:$W$94,Analysis_Commune!E$4) -> 0 | F52: =COUNTIFS('Raw Data'!$G$3:$G$94,Analysis_Commune!$B52,'Raw Data'!$F$3:$F$94,Analysis_Commune!$D52,'Raw Data'!$W$3:$W$94,Analysis_Commune!F$4) -> 0
A53: Matam/ogo | B53: Ourossogui | C53: Moissonneuses-batteuses | D53: Combine Harvester | E53: =COUNTIFS('Raw Data'!$G$3:$G$94,Analysis_Commune!$B53,'Raw Data'!$F$3:$F$94,Analysis_Commune!$D53,'Raw Data'!$W$3:$W$94,Analysis_Commune!E$4) -> 0 | F53: =COUNTIFS('Raw Data'!$G$3:$G$94,Analysis_Commune!$B53,'Raw Data'!$F$3:$F$94,Analysis_Commune!$D53,'Raw Data'!$W$3:$W$94,Analysis_Commune!F$4) -> 1
A54: Sous-total | E54: =SUM(E50:E53) -> 0 | F54: =SUM(F50:F53) -> 1
A55: Nabadji | B55: Nabadji Civol | C55: Moissonneuses-batteuses | D55: Combine Harvester | E55: =COUNTIFS('Raw Data'!$G$3:$G$94,Analysis_Commune!$B55,'Raw Data'!$F$3:$F$94,Analysis_Commune!$D55,'Raw Data'!$W$3:$W$94,Analysis_Commune!E$4) -> 2 | F55: =COUNTIFS('Raw Data'!$G$3:$G$94,Analysis_Commune!$B55,'Raw Data'!$F$3:$F$94,Analysis_Commune!$D55,'Raw Data'!$W$3:$W$94,Analysis_Commune!F$4) -> 0
A56: Sous-total | E56: =SUM(E55) -> 2 | F56: =SUM(F55) -> 0
A57: Aouré | B57: Aouré | C57: Moissonneuses-batteuses | D57: Combine Harvester | E57: =COUNTIFS('Raw Data'!$G$3:$G$94,Analysis_Commune!$B57,'Raw Data'!$F$3:$F$94,Analysis_Commune!$D57,'Raw Data'!$W$3:$W$94,Analysis_Commune!E$4) -> 0 | F57: =COUNTIFS('Raw Data'!$G$3:$G$94,Analysis_Commune!$B57,'Raw Data'!$F$3:$F$94,Analysis_Commune!$D57,'Raw Data'!$W$3:$W$94,Analysis_Commune!F$4) -> 0
A58: Aouré | B58: Semmé | C58: Moissonneuses-batteuses | D58: Combine Harvester | E58: =COUNTIFS('Raw Data'!$G$3:$G$94,Analysis_Commune!$B58,'Raw Data'!$F$3:$F$94,Analysis_Commune!$D58,'Raw Data'!$W$3:$W$94,Analysis_Commune!E$4) -> 0 | F58: =COUNTIFS('Raw Data'!$G$3:$G$94,Analysis_Commune!$B58,'Raw Data'!$F$3:$F$94,Analysis_Commune!$D58,'Raw Data'!$W$3:$W$94,Analysis_Commune!F$4) -> 0
A59: Sous-total | E59: =SUM(E57:E58) -> 0 | F59: =SUM(F57:F58) -> 0
A60: Ndendory | B60: Hamady Ounaré | C60: Moissonneuses-batteuses | D60: Combine Harvester | E60: =COUNTIFS('Raw Data'!$G$3:$G$94,Analysis_Commune!$B60,'Raw Data'!$F$3:$F$94,Analysis_Commune!$D60,'Raw Data'!$W$3:$W$94,Analysis_Commune!E$4) -> 1 | F60: =COUNTIFS('Raw Data'!$G$3:$G$94,Analysis_Commune!$B60,'Raw Data'!$F$3:$F$94,Analysis_Commune!$D60,'Raw Data'!$W$3:$W$94,Analysis_Commune!F$4) -> 0
A61: Ndendory | B61: Ndendory | C61: Moissonneuses-batteuses | D61: Combine Harvester | E61: =COUNTIFS('Raw Data'!$G$3:$G$94,Analysis_Commune!$B61,'Raw Data'!$F$3:$F$94,Analysis_Commune!$D61,'Raw Data'!$W$3:$W$94,Analysis_Commune!E$4) -> 0 | F61: =COUNTIFS('Raw Data'!$G$3:$G$94,Analysis_Commune!$B61,'Raw Data'!$F$3:$F$94,Analysis_Commune!$D61,'Raw Data'!$W$3:$W$94,Analysis_Commune!F$4) -> 0
A62: Ndendory | B62: Sinthiou Bamambé | C62: Moissonneuses-batteuses | D62: Combine Harvester | E62: =COUNTIFS('Raw Data'!$G$3:$G$94,Analysis_Commune!$B62,'Raw Data'!$F$3:$F$94,Analysis_Commune!$D62,'Raw Data'!$W$3:$W$94,Analysis_Commune!E$4) -> 0 | F62: =COUNTIFS('Raw Data'!$G$3:$G$94,Analysis_Commune!$B62,'Raw Data'!$F$3:$F$94,Analysis_Commune!$D62,'Raw Data'!$W$3:$W$94,Analysis_Commune!F$4) -> 0
A63: Ndendory | B63: Wendou nody | C63: Moissonneuses-batteuses | D63: Combine Harvester | E63: =COUNTIFS('Raw Data'!$G$3:$G$94,Analysis_Commune!$B63,'Raw Data'!$F$3:$F$94,Analysis_Commune!$D63,'Raw Data'!$W$3:$W$94,Analysis_Commune!E$4) -> 0 | F63: =COUNTIFS('Raw Data'!$G$3:$G$94,Analysis_Commune!$B63,'Raw Data'!$F$3:$F$94,Analysis_Commune!$D63,'Raw Data'!$W$3:$W$94,Analysis_Commune!F$4) -> 0
A64: Sous-total | E64: =SUM(E60:E63) -> 1 | F64: =SUM(F60:F63) -> 0
A65: Orkadiéré | B65: Dembacané | C65: Moissonneuses-batteuses | D65: Combine Harvester | E65: =COUNTIFS('Raw Data'!$G$3:$G$94,Analysis_Commune!$B65,'Raw Data'!$F$3:$F$94,Analysis_Commune!$D65,'Raw Data'!$W$3:$W$94,Analysis_Commune!E$4) -> 0 | F65: =COUNTIFS('Raw Data'!$G$3:$G$94,Analysis_Commune!$B65,'Raw Data'!$F$3:$F$94,Analysis_Commune!$D65,'Raw Data'!$W$3:$W$94,Analysis_Commune!F$4) -> 0
A66: Orkadiéré | B66: Orkadiéré | C66: Moissonneuses-batteuses | D66: Combine Harvester | E66: =COUNTIFS('Raw Data'!$G$3:$G$94,Analysis_Commune!$B66,'Raw Data'!$F$3:$F$94,Analysis_Commune!$D66,'Raw Data'!$W$3:$W$94,Analysis_Commune!E$4) -> 2 | F66: =COUNTIFS('Raw Data'!$G$3:$G$94,Analysis_Commune!$B66,'Raw Data'!$F$3:$F$94,Analysis_Commune!$D66,'Raw Data'!$W$3:$W$94,Analysis_Commune!F$4) -> 8
A67: Orkadiéré | B67: Walel | C67: Moissonneuses-batteuses | D67: Combine Harvester | E67: =COUNTIFS('Raw Data'!$G$3:$G$94,Analysis_Commune!$B67,'Raw Data'!$F$3:$F$94,Analysis_Commune!$D67,'Raw Data'!$W$3:$W$94,Analysis_Commune!E$4) -> 0 | F67: =COUNTIFS('Raw Data'!$G$3:$G$94,Analysis_Commune!$B67,'Raw Data'!$F$3:$F$94,Analysis_Commune!$D67,'Raw Data'!$W$3:$W$94,Analysis_Commune!F$4) -> 0
A68: Orkadiéré | B68: Waoundé | C68: Moissonneuses-batteuses | D68: Combine Harvester | E68: =COUNTIFS('Raw Data'!$G$3:$G$94,Analysis_Commune!$B68,'Raw Data'!$F$3:$F$94,Analysis_Commune!$D68,'Raw Data'!$W$3:$W$94,Analysis_Commune!E$4) -> 0 | F68: =COUNTIFS('Raw Data'!$G$3:$G$94,Analysis_Commune!$B68,'Raw Data'!$F$3:$F$94,Analysis_Commune!$D68,'Raw Data'!$W$3:$W$94,Analysis_Commune!F$4) -> 0
A69: Sous-total | E69: =SUM(E65:E68) -> 2 | F69: =SUM(F65:F68) -> 8
A70: Semmé | B70: Dialloubé | C70: Moissonneuses-batteuses | D70: Combine Harvester | E70: =COUNTIFS('Raw Data'!$G$3:$G$94,Analysis_Commune!$B70,'Raw Data'!$F$3:$F$94,Analysis_Commune!$D70,'Raw Data'!$W$3:$W$94,Analysis_Commune!E$4) -> 0 | F70: =COUNTIFS('Raw Data'!$G$3:$G$94,Analysis_Commune!$B70,'Raw Data'!$F$3:$F$94,Analysis_Commune!$D70,'Raw Data'!$W$3:$W$94,Analysis_Commune!F$4) -> 0
A71: Semmé | B71: Doundé | C71: Moissonneuses-batteuses | D71: Combine Harvester | E71: =COUNTIFS('Raw Data'!$G$3:$G$94,Analysis_Commune!$B71,'Raw Data'!$F$3:$F$94,Analysis_Commune!$D71,'Raw Data'!$W$3:$W$94,Analysis_Commune!E$4) -> 0 | F71: =COUNTIFS('Raw Data'!$G$3:$G$94,Analysis_Commune!$B71,'Raw Data'!$F$3:$F$94,Analysis_Commune!$D71,'Raw Data'!$W$3:$W$94,Analysis_Commune!F$4) -> 0
A72: Sous-total | E72: =SUM(E70:E71) -> 0 | F72: =SUM(F70:F71) -> 0
A73: Wouro Sidy | B73: Kanel | C73: Moissonneuses-batteuses | D73: Combine Harvester | E73: =COUNTIFS('Raw Data'!$G$3:$G$94,Analysis_Commune!$B73,'Raw Data'!$F$3:$F$94,Analysis_Commune!$D73,'Raw Data'!$W$3:$W$94,Analysis_Commune!E$4) -> 0 | F73: =COUNTIFS('Raw Data'!$G$3:$G$94,Analysis_Commune!$B73,'Raw Data'!$F$3:$F$94,Analysis_Commune!$D73,'Raw Data'!$W$3:$W$94,Analysis_Commune!F$4) -> 0
A74: Wouro Sidy | B74: Ounaré | C74: Moissonneuses-batteuses | D74: Combine Harvester | E74: =COUNTIFS('Raw Data'!$G$3:$G$94,Analysis_Commune!$B74,'Raw Data'!$F$3:$F$94,Analysis_Commune!$D74,'Raw Data'!$W$3:$W$94,Analysis_Commune!E$4) -> 0 | F74: =COUNTIFS('Raw Data'!$G$3:$G$94,Analysis_Commune!$B74,'Raw Data'!$F$3:$F$94,Analysis_Commune!$D74,'Raw Data'!$W$3:$W$94,Analysis_Commune!F$4) -> 0
A75: Wouro Sidy | B75: Wouro Sidy | C75: Moissonneuses-batteuses | D75: Combine Harvester | E75: =COUNTIFS('Raw Data'!$G$3:$G$94,Analysis_Commune!$B75,'Raw Data'!$F$3:$F$94,Analysis_Commune!$D75,'Raw Data'!$W$3:$W$94,Analysis_Commune!E$4) -> 0 | F75: =COUNTIFS('Raw Data'!$G$3:$G$94,Analysis_Commune!$B75,'Raw Data'!$F$3:$F$94,Analysis_Commune!$D75,'Raw Data'!$W$3:$W$94,Analysis_Commune!F$4) -> 0
A76: Sous-total | E76: =SUM(E73:E75) -> 0 | F76: =SUM(F73:F75) -> 0
A77: Total | E77: =SUMIF($A44:$A76,"Sous-total",E44:E76) -> 9 | F77: =SUMIF($A44:$A76,"Sous-total",F44:F76) -> 9
