Workbook

Sheet Thillé
A2: Delegation | B2: Secteur | C2: Caract materiels agricole | D2: type materiel | E2: Structure benef | F2: Type organisat | G2: Nom responsable | H2: Marque | I2: Modèle | J2: Numéro de série | K2: Telephone | L2: commune_zi | M2: Arrondissement | N2: Année acquisition | O2: Provenance | P2: Financement | Q2: Observations
A3: PODOR | B3: Thillé Boubacar | C3: Moissonneuse batteuse KARTAR pneu | D3: Moissonneuse Batteuse | E3: Boubacar Sall | F3: Individuel | G3: Boubacar Sall | H3: KARTAR | I3: SV Crop cruiser | K3: 77 659 75 68 | L3: NIANDANE | M3: Thillé Boubacar | N3: 2018 | O3: MAER | Q3: Panne
A4: PODOR | B4: Thillé Boubacar | C4: Moissonneuse batteuse VALTRA pneu | D4: Moissonneuse Batteuse | E4: Union Ngoro Fanaye SP1 | F4: Union | G4: Amadou Tall | H4: VALTRA | I4: BC 4600 | K4: 77 537 12 31 | L4: FANAYE | M4: Thillé Boubacar | N4: 2014 | O4: SAED | Q4: Panne
A5: PODOR | B5: Thillé Boubacar | C5: Moissonneuse batteuse VALTRA pneu | D5: Moissonneuse Batteuse | E5: Union Ngoro Fanaye SP1 | F5: Union | G5: Amadou Tall | H5: VALTRA | I5: BC 4500 | K5: 77 537 12 31 | L5: FANAYE | M5: Thillé Boubacar | N5: 2019 | O5: MAER | Q5: Bon état
A6: PODOR | B6: Thillé Boubacar | C6: Moissonneuse batteuse à chenille | D6: Moissonneuse Batteuse | E6: Union Ngoro Fanaye SP1 | F6: Union | G6: Amadou Tall | H6: SPEM | I6: DR50E22-1 | K6: 77 537 12 31 | L6: FANAYE | M6: Thillé Boubacar | N6: 2021 | O6: Coopération | Q6: Bon état
A7: PODOR | B7: Thillé Boubacar | C7: Moissonneuse batteuse Massey Fergusson pneu | D7: Moissonneuse Batteuse | E7: REFAN/PODOR | F7: Réseau | G7: Adama GAYE | H7: Massey Fergusson | I7: 32 Advanced | K7: 77 538 51 32 | L7: NIANDANE | M7: Thillé Boubacar | N7: 2019 | O7: MAER | Q7: Panne
A8: PODOR | B8: Thillé Boubacar | C8: TRACTEUR VALTRA DE 88 CV + PULVERISEUR OFFSET DE 20 DISQUES TRAINE | D8: Tracteur | E8: Union Cheikhou Oumar Loboudou Doué | F8: Union | G8: IBRAHIMA LY | H8: VALTRA | I8: BM125I | K8: 77 502 71 20 | L8: NDIAYENEPENDAO | M8: Thillé Boubacar | N8: 2014 | O8: SAED | Q8: Panne
A9: PODOR | B9: Thillé Boubacar | C9: Tracteur 132 CV + Offset 26 disques traine VALTRA | D9: Tracteur | E9: Union PIV ET PIP DE Fanaye | F9: Union | G9: ALHOUSSEYNOU DJIGO | H9: VALTRA | I9: A750L | K9: 77 563 93 32 | L9: FANAYE | M9: Thillé Boubacar | N9: 2014 | O9: SAED | Q9: Bon état
A10: PODOR | B10: Thillé Boubacar | C10: Tracteur 132 CV + Offset 26 disques traine VALTRA | D10: Tracteur | E10: FEGINA - NGALLENKA AMONT | F10: Union | G10: MOUSSA TALL | H10: VALTRA | I10: A750L | K10: 77 567 02 50 | L10: Ndiayenne Pendao | M10: Thillé Boubacar | N10: 2014 | O10: SAED | Q10: Panne | R10: Moeteur
A11: PODOR | B11: Thillé Boubacar | C11: TRACTEUR VALTRA DE 88 CV + PULVERISEUR OFFSET DE 20 DISQUES TRAINE | D11: Tracteur | E11: Union Thillé thiangaye | F11: Union | G11: Bocar KANE | H11: VALTRA | I11: A750L | K11: 77 561 27 03 | L11: NDIAYENEPENDAO | M11: Thillé Boubacar | N11: 2014 | O11: SAED | Q11: Moyen | R11: offset
A12: PODOR | B12: Thillé Boubacar | C12: TRACTEUR VALTRA DE 88 CV + PULVERISEUR OFFSET DE 20 DISQUES TRAINE | D12: Tracteur | E12: Dental MCA | F12: Union | G12: AMADOU MAHAM BA | H12: VALTRA | I12: A750L | K12: 77 898 17 06 | L12: NDIAYENEPENDAO | M12: Thillé Boubacar | N12: 2014 | O12: SAED | Q12: Moyen
A13: PODOR | B13: Thillé Boubacar | C13: Tracteur 125CV+Offset 28 disques Jonh deer | D13: Tracteur | E13: NDIEURBA SP2 | F13: Union | G13: MOUSTAPHA MBENGUE | H13: Jonh Deer | I13: 6125 | K13: 77 459 74 73 | L13: FANAYE | M13: Thillé Boubacar | N13: 2015 | O13: MAER | Q13: Bon état
A14: PODOR | B14: Thillé Boubacar | C14: Tracteur 125CV+Offset 28 disques Jonh deer | D14: Tracteur | E14: SP1 NGORO FANAYE | F14: Union | G14: AMADOU TALL | H14: Jonh Deer | I14: 6125 | K14: 77 537 12 31 | L14: FANAYE | M14: Thillé Boubacar | N14: 2015 | O14: MAER | Q14: Bon état
A15: PODOR | B15: Thillé Boubacar | C15: Tracteur 125CV+Offset 28 disques Jonh deer | D15: Tracteur | E15: UNION SUMA NIANGA | F15: Union | G15: DJIBO DIALLO | H15: Jonh Deer | I15: 6125 | K15: 77 561 74 69 | L15: NDIAYENEPENDAO | M15: Thillé Boubacar | N15: 2015 | O15: MAER | Q15: Bon état
A16: PODOR | B16: Thillé Boubacar | C16: tracteur 100 CV +Offset 24 disques TAFE | D16: Tracteur | E16: CODOU DIOP | F16: Individuel | G16: CODOU DIOP | H16: TAFE | I16: 1002 Heritage | K16: 77 265 32 30 | L16: FANAYE | M16: Thillé Boubacar | N16: 2018 | O16: MAER | Q16: Panne
A17: PODOR | B17: Thillé Boubacar | C17: tracteur 100 CV +Offset 24 disques TAFE | D17: Tracteur | E17: UNION DES GIE DE NGORO FANAYE | F17: Union | G17: Amadou TALL | H17: TAFE | I17: 1002 Heritage | K17: 77 537 12 31 | L17: FANAYE | M17: Thillé Boubacar | N17: 2018 | O17: MAER | Q17: Bon état
A18: PODOR | B18: Thillé Boubacar | C18: tracteur 100 CV +Offset 24 disques TAFE | D18: Tracteur | E18: UNION DES PIV DE NIANDANE | F18: Union | G18: Mamadou NIANE | H18: TAFE | I18: 1002 Heritage | K18: 77 518 20 27 | L18: NIANDANE | M18: Thillé Boubacar | N18: 2018 | O18: MAER | Q18: Bon état
A19: PODOR | B19: Thillé Boubacar | C19: tracteur 100 CV +Offset 24 disques TAFE | D19: Tracteur | E19: UNION THILLE - THIANGAYE | F19: Union | G19: Bocar KANE | H19: TAFE | I19: 1002 Heritage | K19: 77 561 27 03 | L19: NDIAYENEPENDAO | M19: Thillé Boubacar | N19: 2018 | O19: MAER | Q19: Bon état
A20: PODOR | B20: Thillé Boubacar | C20: tracteur 100 CV +Offset 24 disques TAFE | D20: Tracteur | E20: SERIGNE ABDOURAHMANE NIANE | F20: Individuel | G20: SERIGNE ABDOURAHMANE NIANE | H20: TAFE | I20: 1002 Heritage | K20: 77 564 33 17 | L20: NIANDANE | M20: Thillé Boubacar | N20: 2018 | O20: MAER | Q20: Bon état
A21: PODOR | B21: Thillé Boubacar | C21: tracteur 100 CV +Offset 24 disques TAFE | D21: Tracteur | E21: GIE FOUTA TORO | F21: Individuel | G21: THIERNO MADANI TALL | H21: TAFE | I21: 1002 Heritage | K21: 77 561 28 10 | L21: NDIAYENEPENDAO | M21: Thillé Boubacar | N21: 2018 | O21: MAER | Q21: Bon état
A22: PODOR | B22: Thillé Boubacar | C22: tracteur 100 CV +Offset 24 disques TAFE | D22: Tracteur | E22: ALIOU IBRAHIMA LY | F22: Individuel | G22: ALIOU IBRAHIMA LY | H22: TAFE | I22: 1002 Heritage | K22: 77 652 54 49 | L22: NDIAYENEPENDAO | M22: Thillé Boubacar | N22: 2018 | O22: MAER | Q22: Bon état
A23: PODOR | B23: Thillé Boubacar | C23: tracteur 100 CV +Offset 24 disques TAFE | D23: Tracteur | E23: GIE HAABADE BASSAL | F23: Individuel | G23: ALIOU KANE | H23: TAFE | I23: 1002 Heritage | K23: 77 652 49 50 | L23: NDIAYENEPENDAO | M23: Thillé Boubacar | N23: 2018 | O23: MAER | Q23: Bon état
A24: PODOR | B24: Thillé Boubacar | C24: Tracteur 125CV+Offset 28 disques Jonh deer | D24: Tracteur | E24: Union Dental MCA | F24: Union | G24: AMADOU MAHAM BA | H24: Jonh Deer | I24: 6125 | K24: 77 898 17 06 | L24: NDIAYENEPENDAO | M24: Thillé Boubacar | N24: 2016 | O24: MAER | Q24: Bon état
A25: PODOR | B25: Thillé Boubacar | C25: Tracteur 100CV+Offset 24 disques Dushter et remorque 10 T | D25: Tracteur | E25: Union des SUMAS de Nianga | F25: Union | G25: Djibo Diallo | H25: DEUTZ-FAHR | I25: 6130W Profi | K25: 77 561 74 69 | L25: Ndiayenne Pendao | M25: Thillé Boubacar | N25: 2024 | O25: MASAE | P25: LBA | Q25: Bon état | R25: avec offset
A26: PODOR | B26: Thillé Boubacar | C26: Moissonneuse batteuse à chenille FM WORLD | D26: Moissonneuse Batteuse | E26: Union des SUMAS de Nianga | F26: Union | G26: Djibo Diallo | H26: FM WORLD | I26: RUILONG | J26: 4LZ-4.0E | K26: 77 561 74 69 | L26: Ndiayenne Pendao | M26: Thillé Boubacar | N26: 2024 | O26: MASAE | P26: LBA | Q26: Bon état
A27: PODOR | B27: Thillé Boubacar | C27: Moissonneuse batteuse à chenille FM WORLD | D27: Moissonneuse Batteuse | E27: Union GIE pour le Développement Intégré de Niandane | F27: Union | G27: Mouhamadou Niane | H27: FM WORLD | I27: RUILONG | J27: 4LZ-4.0E | K27: 77 518 20 27 | L27: Niandane | M27: Thillé boubacar | N27: 2024 | O27: MASAE | P27: LBA | Q27: Bon état
A28: PODOR | B28: Thillé Boubacar | C28: Tracteur 100CV+Offset 24 disques Dushter et remorque 5 T | D28: Tracteur | E28: Interprofession des Producteurs d’oignon de Podor (IPOS) | F28: Faitière | G28: Boubacar Sall | H28: DEUTZ-FAHR | I28: 6130W Profi | K28: 77 659 75 68 | L28: Département de Podor | M28: Département | N28: 2024 | O28: MASAE | Q28: Notification
A29: PODOR | B29: Thillé Boubacar | C29: Moissonneuse batteuse à chenille FM WORLD | D29: Moissonneuse Batteuse | E29: Union des GIE de Ngoro Fanaye, | F29: Union | G29: Amadou Tall | H29: FM WORLD | I29: RUILONG | J29: 4LZ-4.0E | K29: 77 537 12 31 | L29: Fanaye | M29: Thillé boubacar | N29: 2024 | O29: MASAE | Q29: Notification
A30: PODOR | B30: Thillé Boubacar | C30: Tracteur 80CV+Offset 18 disques New Holland | D30: Tracteur | E30: Village de Diagnoum | F30: Village pilote | G30: Hamat Dia | H30: New Holland | I30: TD80D | K30: 77 720 93 62 | L30: Fanaye | M30: Thillé boubacar | N30: 2024 | O30: SAEMAUL | P30: Don | Q30: Bon état
A31: PODOR | B31: Thillé Boubacar | C31: Tracteur 80CV+Offset 18 disques New Holland | D31: Tracteur | E31: Village de Thillé Boubacar | F31: Village pilote | G31: Mamadou Diallo | H31: New Holland | I31: TD80D | K31: 70 406 91 40 | L31: Ndiayene Pendao | M31: Thillé boubacar | N31: 2024 | O31: SAEMAUL | P31: Don | Q31: Bon état
A32: PODOR | B32: Thillé Boubacar | C32: Moissonneuse batteuse à chenille Class | D32: Moissonneuse Batteuse | E32: COOP Toro KOICA | F32: Coopérative | G32: Amadou Sy | H32: Claas | I32: CROP TIGER 40 | K32: 76 600 66 63 | L32: Ndiayene Pendao / Guédé village | M32: Thillé boubacar/gamadji | N32: 2024 | O32: PDCVR2 | P32: DON | Q32: Bon état
A33: PODOR | B33: Thillé Boubacar | C33: Moissonneuse batteuse à chenille Class | D33: Moissonneuse Batteuse | E33: COOP Toro KOICA | F33: Coopérative | G33: Amadou Sy | H33: Claas | I33: CROP TIGER 40 | K33: 76 600 66 63 | L33: Ndiayene Pendao / Guédé village | M33: Thillé boubacar/gamadji | N33: 2024 | O33: PDCVR2 | P33: DON | Q33: Bon état
A34: PODOR | B34: Thillé Boubacar | C34: Moissonneuse batteuse à chenille Class | D34: Moissonneuse Batteuse | E34: COOP Toro KOICA | F34: Coopérative | G34: Amadou Sy | H34: Claas | I34: CROP TIGER 40 | K34: 76 600 66 63 | L34: Ndiayene Pendao / Guédé village | M34: Thillé boubacar/gamadji | N34: 2024 | O34: PDCVR2 | P34: DON | Q34: Bon état
A35: PODOR | B35: Thillé Boubacar | C35: Tracteur 125CV+Offset 24 disques New Holland | D35: Tracteur | E35: COOP Toro KOICA | F35: Coopérative | G35: Amadou Sy | H35: New Holland | I35: T6050 | K35: 76 600 66 63 | L35: Ndiayene Pendao | M35: Thillé boubacar | N35: 2024 | O35: PDCVR2 | P35: Don | Q35: Bon état
A36: PODOR | B36: Thillé Boubacar | C36: Tracteur 125CV+Offset 28 disques New Holland | D36: Tracteur | E36: Privé | F36: Privé | G36: Ibrahima Sall | H36: New Holland | I36: T6050 | K36: 77 643 91 55 | L36: Ndiayene Pendao | M36: Thillé boubacar | N36: 2024 | O36: Projet | P36: LBA | Q36: Bon état
A37: PODOR | B37: Thillé Boubacar | C37: Moissonneuse batteuse new holland pneu | D37: Moissonneuse Batteuse | E37: Privé | F37: Privé | G37: Ibrahima Sall | H37: New Holland | I37: TC5.30 | J37: 530 | K37: 77 643 91 55 | L37: Ndiayene Pendao | M37: Thillé boubacar | N37: 2024 | O37: Projet | P37: LBA | Q37: Bon état
A38: PODOR | B38: Thillé Boubacar | C38: Tracteur 125CV+Offset 28 disques New Holland | D38: Tracteur | E38: Privé | F38: Privé | G38: Hamath Guèye | H38: New Holland | I38: T6050 | K38: 77 658 72 88 | L38: Ndiayene Pendao | M38: Thillé boubacar | N38: 2016 | O38: MAER | P38: LBA | Q38: Bon état

Sheet Gamadji
A2: Delegation | B2: Secteur | C2: Caract materiels agricole | D2: type materiel | E2: Structure benef | F2: Type organisat | G2: Nom responsable | H2: Marque | I2: Modelé | J2: Numéro de série | K2: Telephone | L2: commune_zi | M2: Arrondissement | N2: Année acquisition | O2: Provenance | P2: Financement | Q2: Observations
A3: PODOR | B3: Gamadji Saré | C3: Moissonneuse batteuse VALTRA pneu | D3: Moissonneuse Batteuse | E3: UNION NDIOUM SP1 | F3: Union | G3: Oumar DIAW | H3: VALTRA | K3: 776594761 | L3: NDIOUM | N3: 2019 | O3: MAER | Q3: Bon état
A4: PODOR | B4: Gamadji Saré | C4: Moissonneuse batteuse VALTRA pneu | D4: Moissonneuse Batteuse | E4: Boumatt Agro fresh ABDOU SALL | F4: Individuel | G4: ABDOU SALL | H4: VALTRA | K4: 782115605 | L4: GUEDEVILLAGE | M4: Gamadji sarré | N4: 2015 | O4: PUDC | Q4: Bon état
A5: PODOR | B5: Gamadji Saré | C5: Moissonneuse batteuse Massey Fergusson pneu | D5: Moissonneuse Batteuse | E5: GIE Diokere Endam MOUSSA HAROUNA LY | F5: Individuel | G5: MOUSSA HAROUNA LY | H5: Massey Fergusson | I5: 7240 ACTIVA | K5: 77 647 69 33 | L5: GUEDEVILLAGE | M5: Gamadji sarré | N5: 2016 | O5: MAER | Q5: Bon état
A6: PODOR | B6: Gamadji Saré | C6: tracteur 100 CV +Offset 24 disques | D6: Tracteur | E6: UNION NDIOUM SP2 | F6: Union | G6: Magoum NDIAYE | H6: Autre | I6: DEUTZ-FAHR | J6: 6130W Profi | K6: 775127979 | L6: NDIOUM | M6: Gamadji sarré | N6: 2018 | O6: MAER | Q6: Bon état
A7: PODOR | B7: Gamadji Saré | C7: Tracteur 125CV+Offset 28 disques Jonh deer | D7: Tracteur | E7: Boumatt Agro fresh | F7: Individuel | G7: ABDOU SALL | H7: Jonh Deer | I7: 6125 D | K7: 78 211 56 05 | L7: GUEDEVILLAGE | M7: Gamadji sarré | N7: 2016 | O7: MAER | Q7: Bon état
A8: PODOR | B8: Gamadji Saré | C8: TRACTEUR VALTRA DE 88 CV + PULVERISEUR OFFSET DE 20 DISQUES TRAINE | D8: Tracteur | E8: Union Guédé Village | F8: Union | G8: IBRAHIMA DIAW | H8: VALTRA | I8: A750L | K8: 77 614 24 32 | L8: GUEDEVILLAGE | M8: Gamadji sarré | N8: 2014 | O8: SAED | Q8: Panne | R8: Pont, pignon
A9: PODOR | B9: Gamadji Saré | C9: TRACTEUR VALTRA DE 88 CV + PULVERISEUR OFFSET DE 20 DISQUES TRAINE | D9: Tracteur | E9: Fédération des GIE de Donaye | F9: Union | G9: IBRAHIMA WONE | H9: VALTRA | I9: A750L | K9: 77 351 40 96 | L9: GUEDEVILLAGE | M9: Gamadji sarré | N9: 2014 | O9: SAED | Q9: Panne | R9: Ambrayage
A10: PODOR | B10: Gamadji Saré | C10: Tracteur 125CV+Offset 28 disques Jonh deer | D10: Tracteur | E10: UNION GIE DE DIATTAR | F10: Union | G10: OUSMANE SY | H10: Jonh Deer | I10: 6125 D | K10: 77 948 24 90 | L10: GUEDEVILLAGE | M10: Gamadji sarré | N10: 2015 | O10: MAER | Q10: Bon état
A11: PODOR | B11: Gamadji Saré | C11: Tracteur CASE | D11: Tracteur | E11: UNION GIE DE DIATTAR | F11: Union | G11: Aly Dramane Sy | H11: CASE | K11: 77 907 31 39 | L11: GUEDEVILLAGE | M11: Gamadji sarré | N11: 2024 | O11: Don | Q11: Bon état
A12: PODOR | B12: Gamadji Saré | C12: Tracteur 125CV+Offset 28 disques Jonh deer | D12: Tracteur | E12: UNION GUEDE CHANTIER | F12: Union | G12: CHERIF AMADOU DIOP | H12: Jonh Deer | I12: 6125 D | K12: 77 534 86 22 | L12: GUEDECHANTIER | M12: Gamadji sarré | N12: 2015 | O12: MAER | Q12: Bon état
A13: PODOR | B13: Gamadji Saré | C13: Tracteur 125CV+Offset 28 disques Jonh deer | D13: Tracteur | E13: SOULEYMANE LY MBOYO (PRIVE) | F13: Individuel | G13: SOULEYMANE LY | H13: Jonh Deer | I13: 6125 D | K13: 77 549 04 16 | L13: GUEDEVILLAGE | M13: Gamadji sarré | N13: 2015 | O13: MAER | Q13: Bon état
A14: PODOR | B14: Gamadji Saré | C14: Tracteur John Deer 90 CV + Moissonneuse batteuse portée | D14: Tracteur | E14: GIE Groupe Naforé | F14: Union | G14: ABDOULAYE BA | H14: Jonh Deer | I14: 6125 D | K14: 77 557 58 19 | L14: PODOR | M14: Gamadji sarré | N14: 2016 | O14: MAER | Q14: Bon état
A15: PODOR | B15: Gamadji Saré | C15: Tracteur John Deer 90 CV + Moissonneuse batteuse portée | D15: Tracteur | E15: Boumatt Agro fresh | F15: Individuel | G15: ABDOU SALL | H15: Jonh Deer | I15: 6125 D | K15: 78 211 56 05 | L15: GUEDEVILLAGE | M15: Gamadji sarré | N15: 2016 | O15: MAER | Q15: Bon état
A16: PODOR | B16: Gamadji Saré | C16: tracteur 100 CV +Offset 24 disques | D16: Tracteur | E16: UNION GIE DE MBANTOU | F16: Union | G16: Amadou Moctar BA | H16: Autre | I16: DEUTZ-FAHR | J16: 6130W Profi | K16: 77 442 61 28 | L16: GUEDEVILLAGE | M16: Gamadji sarré | N16: 2018 | O16: MAER | Q16: Bon état
A17: PODOR | B17: Gamadji Saré | C17: tracteur 100 CV +Offset 24 disques | D17: Tracteur | E17: GIE RACINE 2 KODITH | F17: Individuel | G17: ABDOULAYE RACINE ANNE | H17: Autre | I17: DEUTZ-FAHR | J17: 6130W Profi | K17: 77 542 60 18 | L17: GUEDEVILLAGE | M17: Gamadji sarré | N17: 2018 | O17: MAER | Q17: Bon état
A18: PODOR | B18: Gamadji Saré | C18: Tracteur 125CV+Offset 28 disques Jonh deer | D18: Tracteur | E18: GIE Baidy Dieynabel DIOP | F18: Individuel | G18: Elhadji Demba Louboudou DIOP | H18: Jonh Deer | I18: 6125 D | K18: 77 361 922 87 | L18: GUEDECHANTIER | M18: Gamadji sarré | N18: 2016 | O18: MAER | Q18: Bon état
A19: PODOR | B19: Gamadji Saré | C19: Tracteur 125CV+Offset 28 disques Jonh deer | D19: Tracteur | E19: UNION H MAAJE DOUE | F19: Union | G19: ABDOULAYE BA | H19: Jonh Deer | I19: 6125 D | K19: 77 557 58 19 | L19: PODOR | M19: Gamadji sarré | N19: 2015 | O19: MAER | Q19: Bon état
A20: PODOR | B20: Gamadji Saré | C20: Tracteur 125CV+Offset 28 disques Jonh deer | D20: Tracteur | E20: Union thierno Bocar Ly Mboyo 1 | F20: Union | G20: SADIO SALL | H20: Jonh Deer | I20: 6125 D | K20: 77 643 65 32 | L20: GUEDEVILLAGE | M20: Gamadji sarré | N20: 2016 | O20: MAER | Q20: Bon état
A21: PODOR | B21: Gamadji Saré | C21: Tracteur 125CV+Offset 28 disques Jonh deer | D21: Tracteur | E21: UNION DES GIE DE DEMET | F21: Union | G21: KALIDOU AW | H21: Jonh Deer | I21: 6125 D | K21: 77 567 31 13 | L21: DODEL | M21: Gamadji sarré | N21: 2016 | O21: MAER | Q21: Bon état
A22: PODOR | B22: Gamadji Saré | C22: Tracteur 125CV+Offset 28 disques Jonh deer | D22: Tracteur | E22: GIE TIMTIMOL(privé) | F22: Individuel | G22: SAÏDOU NOUROU BA | H22: Jonh Deer | I22: 6125 D | K22: 77-639-67-67 | L22: DODEL | M22: Gamadji sarré | N22: 2016 | O22: MAER | Q22: Bon état
A23: PODOR | B23: Gamadji Saré | C23: Tracteur 125CV+Offset 28 disques Jonh deer | D23: Tracteur | E23: GIE FASSE Mouhamadou lamine DJIGO Demette | F23: Individuel | G23: MOUHAMADOU LAMINE DJIGO | H23: Jonh Deer | I23: 6125 D | K23: 77 412 63 88 | L23: DEMETTE | M23: Gamadji sarré | N23: 2016 | O23: MAER | Q23: Bon état
A24: PODOR | B24: Gamadji Saré | C24: tracteur 100 CV +Offset 24 disques | D24: Tracteur | E24: GIE DARA MARABOUT DARA HALAYBE | F24: Individuel | G24: El Hadji Mamadou Moussa LY | H24: Autre | I24: DEUTZ-FAHR | J24: 6130W Profi | K24: 77 656 24 70 | L24: DODEL | M24: Gamadji sarré | N24: 2018 | O24: MAER | Q24: Bon état
A25: PODOR | B25: Gamadji Saré | C25: tracteur 100 CV +Offset 24 disques | D25: Tracteur | E25: GIE ELIMANE DOBANGUO Demette | F25: Individuel | G25: Mamadou Abdoulaye SOKO | H25: Autre | I25: DEUTZ-FAHR | J25: 6130W Profi | K25: 77 204 64 19 | L25: DEMETTE | M25: Gamadji sarré | N25: 2019 | O25: MAER | Q25: Bon état
A26: PODOR | B26: Thillé Boubacar | C26: Tracteur 125CV+Offset 28 disques Jonh deer | D26: Tracteur | E26: UNION DIOSSOROL NDIAWAR | F26: Union | G26: MOUSSA AW | H26: Jonh Deer | I26: 6125 D | K26: 77 568 13 81 | L26: GUEDEVILLAGE | M26: Thillé Boubacar | N26: 2016 | O26: MAER | Q26: Bon état
A27: PODOR | B27: Thillé Boubacar | C27: Tracteur 125CV+Offset 28 disques Jonh deer | D27: Tracteur | E27: GUIA (Privé) | F27: Individuel | G27: MAMADOU MOUSSA DIACK | H27: Jonh Deer | I27: 6125 D | K27: 77 555 44 57 | L27: GUEDEVILLAGE | M27: Gamadji sarré | N27: 2016 | O27: MAER | Q27: Bon état
A28: PODOR | B28: Gamadji Saré | C28: Tracteur 100CV+Offset 24 disques Dushter et remorque 10 T | D28: Tracteur | E28: Union des Organisations Paysannes Hakoudé Madje de Doué | F28: Union | G28: Malick Amadou Ly | H28: Autre | I28: DEUTZ-FAHR | J28: 6130W Profi | K28: 77 550 24 81 | L28: Guédé village | M28: Gamadji sarré | N28: 2024 | O28: MASAE | P28: LBA | Q28: Bon état | R28: avec offset
A29: PODOR | B29: Gamadji Saré | C29: Tracteur 100 CV + Offset 24 disques + remorque 10 T | D29: Tracteur | E29: Privé | F29: Individuel | G29: MOUSSA HAROUNA LY | H29: Autre | I29: DEUTZ-FAHR | J29: 6130W Profi | K29: 77 647 69 33 | L29: GUEDEVILLAGE | M29: Gamadji sarré | N29: 2024 | O29: MASAE | P29: LBA | Q29: Bon état
A30: PODOR | B30: Gamadji Saré | C30: Tracteur 100 CV + Offset 24 disques + remorque 10 T | D30: Tracteur | E30: Société Coopérative agro sylvo pastoral | F30: Coopérative | G30: Mamadou Niang | H30: Autre | I30: DEUTZ-FAHR | J30: 6130W Profi | K30: 77 722 65 23 | L30: GUEDEVILLAGE | M30: Gamadji sarré | N30: 2024 | O30: MASAE | P30: LBA | Q30: Bon état
A31: PODOR | B31: Gamadji Saré | C31: Tracteur 100CV+Offset 24 disques Dushter et remorque 5 T | D31: Tracteur | E31: RESEPP | F31: Individuel | G31: Mamadou Amadou Ndiaye | H31: Autre | I31: DEUTZ-FAHR | J31: 6130W Profi | K31: 77 515 18 96 | L31: Diatar | M31: Gamadji sarré | N31: 2024 | O31: MASAE | Q31: Notification
A32: PODOR | B32: Gamadji Saré | C32: Moissonneuse batteuse à chenille FM WORLD | D32: Moissonneuse Batteuse | E32: Fédération des GIE de Donaye | F32: Union | G32: Ibrahima Aliou Sylla | H32: FM WORLD | K32: 77 634 52 41 | L32: Guédé village | M32: Gamadji sarré | N32: 2024 | O32: MASAE | P32: LBA | Q32: Bon Etat
A33: PODOR | B33: Gamadji Saré | C33: Moissonneuse batteuse à chenille FM WORLD | D33: Moissonneuse Batteuse | E33: Union des GIE SP2 de Ndioum | F33: Union | G33: Magoum Ndiaye | H33: FM WORLD | K33: 77 512 79 79 | L33: Ndioum | M33: Gamadji sarré | N33: 2024 | O33: MASAE | P33: LBA | Q33: Bon etat
A34: PODOR | B34: Gamadji Saré | C34: Moissonneuse batteuse à chenille FM WORLD | D34: Moissonneuse Batteuse | E34: Union des Produceurs et Agriculteurs de Diatar | F34: Union | G34: Ousmane Sy | H34: FM WORLD | K34: 77 731 46 37 | L34: Guede Village | M34: Gamadji sarré | N34: 2024 | O34: MASAE | Q34: Notification
A35: PODOR | B35: Gamadji Saré | C35: Moissonneuse batteuse à chenille FM WORLD | D35: Moissonneuse Batteuse | E35: Union des PIV de Guédé | F35: Union | G35: Ibrahima Diaw | H35: FM WORLD | K35: 77 614 24 32 | L35: guede village | M35: Gamadji sarré | N35: 2024 | O35: MASAE | P35: LBA | Q35: Bon etat
A36: PODOR | B36: Gamadji Saré | C36: Tracteur Massay Ferguson 180 CV | D36: Tracteur | E36: Union Diomandou | F36: Union | G36: Oumar Wade | H36: Massey Fergusson | I36: MF 6S 180 | K36: 77 524 55 42 | L36: Dodel | M36: Gamadji sarré | N36: 2024 | O36: Don | Q36: Bon état
A37: PODOR | B37: Cas_Cas / Saldé | C37: Tracteur 100CV+Offset 24 disques | D37: Tracteur | E37: Privé | F37: privé | G37: El Hadji Ndiaye | H37: Autre | I37: DEUTZ-FAHR | J37: 6130W Profi | K37: 77 848 02 50 | L37: Dodel | M37: Gamadji sarré | N37: 2025 | Q37: Bon etat
A38: PODOR | B38: Cas_Cas / Saldé | C38: Tracteur 100CV+Offset 24 disques | D38: Tracteur | E38: Privé | F38: privé | G38: El Hadji Tidiane Ly | H38: Autre | I38: DEUTZ-FAHR | J38: 6130W Profi | K38: 77 565 24 70 | L38: Dodel | M38: Gamadji sarré | Q38: Bon etat

Sheet Cas Cas - Saldé
A2: Delegation | B2: Secteur | C2: Caract materiels agricole | D2: type materiel | E2: Structure benef | F2: Type organisat | G2: Nom responsable | H2: Marque | I2: Modelé | J2: Numéro de série | K2: Telephone | L2: commune_zi | M2: Arrondissement | N2: Année acquisition | O2: Provenance | P2: Financement | Q2: Observations
A3: PODOR | B3: Cas_Cas / Saldé | C3: Moissonneuse batteuse Massey Fergusson pneu | D3: Moissonneuse Batteuse | E3: Union SP2 Aeré Lao | F3: Union | G3: Amadou Tidiane Dème | H3: Massey Fergusson | I3: 32 Advanced | K3: 775567586 | L3: AERE LAO | M3: Cas cas | N3: 2021 | O3: Fédération | P3: LBA | Q3: Bon Etat
A4: PODOR | B4: Cas_Cas / Saldé | C4: Moissonneuse batteuse Massey Fergusson pneu | D4: Moissonneuse Batteuse | E4: FUGIAM | F4: Fédération | G4: Samba THIAM | H4: Massey Fergusson | I4: 32 Advanced | K4: 775715290 | L4: MEDINA NDIATHBE | M4: Cas cas | N4: 2019 | O4: MAER | Q4: Bon état
A5: PODOR | B5: Cas_Cas / Saldé | C5: Tracteur 132 CV + Offset 26 disques traine VALTRA | D5: Tracteur | E5: Union des GIE de Madina | F5: Union | G5: YAYA SOULEYMANE DEME | H5: VALTRA | I5: BM 125I | K5: 775472784 | L5: GOLLERE | M5: Cas cas | N5: 2014 | O5: SAED | Q5: Panne
A6: PODOR | B6: Cas_Cas / Saldé | C6: Tracteur 125CV+Offset 28 disques Jonh deer | D6: Tracteur | E6: PELLITAL (prestataire Aéré) | F6: Individuel | G6: AMADOU THIAM | H6: Jonh Deer | I6: 6125 D | K6: 77 567 03 11 | L6: AERELAO | M6: Cas cas | N6: 2016 | O6: MAER | Q6: Bon état
A7: PODOR | B7: Cas_Cas / Saldé | C7: Tracteur 125CV+Offset 28 disques Jonh deer | D7: Tracteur | E7: UNION MBOLO BIRANE | F7: Union | G7: OUSMANE AMADOU KANE | H7: Jonh Deer | I7: 6125 D | K7: 77 560 29 15 | L7: MBOLOBIRANE | M7: Cas cas | N7: 2015 | O7: MAER | Q7: Panne
A8: PODOR | B8: Cas_Cas / Saldé | C8: Tracteur 125CV+Offset 28 disques Jonh deer | D8: Tracteur | E8: UNION YIRLAABE THIKITE | F8: Union | G8: CIRADJI BA | H8: Jonh Deer | I8: 6125 D | K8: 77 565 00 01 | L8: BOKE DIALLOUBE | M8: Cas cas | N8: 2015 | O8: MAER | Q8: Panne
A9: PODOR | B9: Cas_Cas / Saldé | C9: Tracteur 125CV+Offset 28 disques Jonh deer | D9: Tracteur | E9: Union Djigadji Mery | F9: Union | G9: SAMBA BARA SOW | H9: Jonh Deer | I9: 6125 D | K9: 77 564 99 08 | L9: MERY | M9: Cas cas | N9: 2016 | O9: MAER | Q9: Bon état
A10: PODOR | B10: Cas_Cas / Saldé | C10: TRACTEUR VALTRA DE 88 CV + PULVERISEUR OFFSET DE 20 DISQUES TRAINE | D10: Tracteur | E10: Gie WEYNDE DIENG | F10: Individuel | G10: COUMBA IFRA DIENG | H10: VALTRA | I10: A750L | K10: 776465896 | L10: WALALDE | M10: Cas cas | N10: 2014 | O10: SAED | Q10: Panne
A11: PODOR | B11: Cas_Cas / Saldé | C11: TRACTEUR VALTRA DE 88 CV + PULVERISEUR OFFSET DE 20 DISQUES TRAINE | D11: Tracteur | E11: Union de Cas-Cas | F11: Union | G11: SAMBA MOUSSA THIAM | H11: VALTRA | I11: A750L | K11: 77 571 52 90 | L11: MEDINANDIATHBE | M11: Cas cas | N11: 2014 | O11: SAED | Q11: Panne
A12: PODOR | B12: Cas_Cas / Saldé | C12: Tracteur 100 CV +Offset 24 disques | D12: Tracteur | E12: UNION DES GIE DU VILLAGE DE CAS -CAS | F12: Union | G12: Moussa Samba DIAW | H12: DEUTZ-FAHR | I12: 6130W Profi | K12: 775399560 | L12: MEDINA NDIATHBE | M12: Cas cas | N12: 2018 | O12: MAER | Q12: En panne
A13: PODOR | B13: Cas_Cas / Saldé | C13: tracteur 100 CV +Offset 24 disques | D13: Tracteur | E13: UNION GIE DE THIOUBALEL | F13: Union | G13: Yoro SY / 78 569 35 22 | H13: DEUTZ-FAHR | I13: 6130W Profi | K13: 775624283 | L13: MEDINA NDIATHBE | M13: Cas cas | N13: 2018 | O13: MAER | Q13: Moyen
A14: PODOR | B14: Cas_Cas / Saldé | C14: Tracteur 100CV+Offset 24 disques Dushter et remorque 5 T | D14: Tracteur | E14: FRA PSE | F14: Individuel | G14: FATIMATA GAYE | H14: DEUTZ-FAHR | I14: 6130W Profi | K14: 77 103 30 56 | L14: Médina diatebé | M14: Cas cas | N14: 2024 | O14: MASAE | P14: LBA | Q14: Bon Etat
A15: PODOR | B15: Cas_Cas / Saldé | C15: Tracteur 100CV+Offset 24 disques Dushter et remorque 10 T | D15: Tracteur | E15: Union des GIE Yirlabé Saldé Ouallah | F15: Union | H15: DEUTZ-FAHR | I15: 6130W Profi | K15: 77 519 26 44 | L15: Boki Dialloubé | M15: Saldé | N15: 2024 | O15: MASAE | Q15: Notification
A16: PODOR | B16: Cas_Cas / Saldé | C16: Tracteur 100CV+Offset 24 disques Dushter et remorque 10 T | D16: Tracteur | E16: Union des GIE de Aéré Lao SP 2 | F16: Union | G16: Amadou Tidiane Dème | H16: DEUTZ-FAHR | I16: 6130W Profi | K16: 77 556 75 86 | L16: Aéré Lao | M16: Cas cas | N16: 2024 | O16: MASAE | P16: LBA | Q16: Bon Etat | R16: avec offset
A17: PODOR | B17: Cas_Cas / Saldé | C17: Moissonneuse batteuse à chenille FM WORLD | D17: Moissonneuse Batteuse | E17: Union des GIE de Aéré Lao SP 2 | F17: Union | G17: Amadou Tidiane Dème | H17: FM WORLD | I17: RUILONG | J17: 4LZ-4.0E | K17: 77 556 75 86 | L17: Aéré lao | M17: Cas cas | N17: 2024 | O17: MASAE | P17: LBA | Q17: Bon Etat
A18: PODOR | B18: Cas_Cas / Saldé | C18: Tracteur 120 CV + offset 26 disques+Remorque 10T | D18: Tracteur | E18: Union wodoss | F18: Union | G18: ABOUBACRY SY | H18: DEUTZ-FAHR | I18: 6130W Profi | K18: 775128501 | L18: PETE | M18: Saldé | N18: 2024 | O18: MASAE | P18: LBA | Q18: Bon Etat | R18: sans offset
A19: PODOR | B19: Cas_Cas / Saldé | D19: Tracteur | E19: UAI 4 SALDE | F19: Union | G19: ALLASANE DIA | H19: DEUTZ-FAHR | I19: 6130W Profi | K19: 774070332 | L19: BOKE DIALLOUBE | M19: Saldé | N19: 2024 | O19: MASAE | P19: LBA | Q19: Bon Etat | R19: avec offset
A20: PODOR | B20: Cas_Cas / Saldé | C20: Tracteur 100CV+Offset 24 disques Dushter et remorque 10 T | D20: Tracteur | E20: UNION SALDE | F20: Union | G20: IBRAHIMA HANN | H20: DEUTZ-FAHR | I20: 6130W Profi | K20: 775714906 | L20: BOKKE DIALLOUBE | M20: SALDE | N20: 2024 | O20: MASAE | P20: LBA | Q20: Bon Etat | R20: avec offset
A21: PODOR | B21: Cas_Cas / Saldé | C21: Tracteur 100CV+Offset 24 disques | D21: Tracteur | E21: GIE BIDIEW | F21: Individuel | G21: Thioye Fils | H21: DEUTZ-FAHR | I21: 6130W Profi | L21: AERELAO | M21: Cas cas | N21: 2019 | O21: MASAE | Q21: Bon Etat

Sheet Raw Data
A1: Delegation | B1: Secteur | C1: Caract materiels agricole | D1: type materiel | E1: Structure benef | F1: Type organisat | G1: Nom responsable | H1: Telephone | I1: commune_zi | J1: Arrondissement | K1: Année acquisition | L1: Provenance | M1: Financement | N1: Observations
A2: PODOR | B2: Cas Cas / Saldé | C2: Moissonneuse batteuse Massey Fergusson pneu | D2: Combine Harvester | E2: Union SP2 Aeré Lao | F2: Union | G2: Amadou Tidiane Dème | H2: 775567586 | I2: Aéré Lao | J2: Cas cas | K2: 2021 | L2: Fédération | M2: LBA | N2: Function
A3: PODOR | B3: Cas Cas / Saldé | C3: Tracteur 125CV+Offset 28 disques Jonh deer | D3: Tractor | E3: PELLITAL (prestataire Aéré) | F3: Private | G3: AMADOU THIAM | H3: 77 567 03 11 | I3: Aéré Lao | J3: Cas cas | K3: 2016 | L3: MAER | N3: Function
A4: PODOR | B4: Cas Cas / Saldé | C4: Tracteur 100CV+Offset 24 disques Dushter et remorque 10 T | D4: Tractor | E4: Union des GIE de Aéré Lao SP 2 | F4: Union | G4: Amadou Tidiane Dème | H4: 77 556 75 86 | I4: Aéré Lao | J4: Cas cas | K4: 2024 | L4: MASAE | M4: LBA | N4: Function
A5: PODOR | B5: Cas Cas / Saldé | C5: Moissonneuse batteuse à chenille FM WORLD | D5: Combine Harvester | E5: Union des GIE de Aéré Lao SP 2 | F5: Union | G5: Amadou Tidiane Dème | H5: 77 556 75 86 | I5: Aéré Lao | J5: Cas cas | K5: 2024 | L5: MASAE | M5: LBA | N5: Function
A6: PODOR | B6: Cas Cas / Saldé | C6: Tracteur 100CV+Offset 24 disques | D6: Tractor | E6: GIE BIDIEW | F6: Private | G6: Thioye Fils | I6: Aéré Lao | J6: Cas cas | K6: 2019 | L6: MASAE | N6: Function
A7: PODOR | B7: Cas Cas / Saldé | C7: Tracteur 125CV+Offset 28 disques Jonh deer | D7: Tractor | E7: UNION YIRLAABE THIKITE | F7: Union | G7: CIRADJI BA | H7: 77 565 00 01 | I7: Boké Dialloubé | J7: Cas cas | K7: 2015 | L7: MAER | N7: Breakdown
A8: PODOR | B8: Cas Cas / Saldé | C8: Tracteur 100CV+Offset 24 disques Dushter et remorque 10 T | D8: Tractor | E8: Union des GIE Yirlabé Saldé Ouallah | F8: Union | H8: 77 519 26 44 | I8: Boké Dialloubé | J8: Saldé | K8: 2024 | L8: MASAE | N8: Function
A9: PODOR | B9: Cas Cas / Saldé | D9: Tractor | E9: UAI 4 SALDE | F9: Union | G9: ALLASANE DIA | H9: 774070332 | I9: Boké Dialloubé | J9: Saldé | K9: 2024 | L9: MASAE | M9: LBA | N9: Function
A10: PODOR | B10: Cas Cas / Saldé | C10: Tracteur 100CV+Offset 24 disques Dushter et remorque 10 T | D10: Tractor | E10: UNION SALDE | F10: Union | G10: IBRAHIMA HANN | H10: 775714906 | I10: Boké Dialloubé | J10: SALDE | K10: 2024 | L10: MASAE | M10: LBA | N10: Function
A11: PODOR | B11: Cas Cas / Saldé | C11: Moissonneuse batteuse Massey Fergusson pneu | D11: Combine Harvester | E11: FUGIAM | F11: Union | G11: Samba THIAM | H11: 775715290 | I11: Madina Diathbé | J11: Cas cas | K11: 2019 | L11: MAER | N11: Function
A12: PODOR | B12: Cas Cas / Saldé | C12: TRACTEUR VALTRA DE 88 CV + PULVERISEUR OFFSET DE 20 DISQUES TRAINE | D12: Tractor | E12: Union de Cas-Cas | F12: Union | G12: SAMBA MOUSSA THIAM | H12: 77 571 52 90 | I12: Madina Diathbé | J12: Cas cas | K12: 2014 | L12: SAED | N12: Breakdown
A13: PODOR | B13: Cas Cas / Saldé | C13: Tracteur 100 CV +Offset 24 disques | D13: Tractor | E13: UNION DES GIE DU VILLAGE DE CAS -CAS | F13: Union | G13: Moussa Samba DIAW | H13: 775399560 | I13: Madina Diathbé | J13: Cas cas | K13: 2018 | L13: MAER | N13: Breakdown
A14: PODOR | B14: Cas Cas / Saldé | C14: tracteur 100 CV +Offset 24 disques | D14: Tractor | E14: UNION GIE DE THIOUBALEL | F14: Union | G14: Yoro SY / 78 569 35 22 | H14: 775624283 | I14: Madina Diathbé | J14: Cas cas | K14: 2018 | L14: MAER | N14: Function
A15: PODOR | B15: Cas Cas / Saldé | C15: Tracteur 100CV+Offset 24 disques Dushter et remorque 5 T | D15: Tractor | E15: FRA PSE | F15: Private | G15: FATIMATA GAYE | H15: 77 103 30 56 | I15: Madina Diathbé | J15: Cas cas | K15: 2024 | L15: MASAE | M15: LBA | N15: Function
A16: PODOR | B16: Cas Cas / Saldé | C16: Tracteur 125CV+Offset 28 disques Jonh deer | D16: Tractor | E16: UNION MBOLO BIRANE | F16: Union | G16: OUSMANE AMADOU KANE | H16: 77 560 29 15 | I16: Mbolo Birane | J16: Cas cas | K16: 2015 | L16: MAER | N16: Breakdown
A17: PODOR | B17: Cas Cas / Saldé | C17: Tracteur 125CV+Offset 28 disques Jonh deer | D17: Tractor | E17: Union Djigadji Mery | F17: Union | G17: SAMBA BARA SOW | H17: 77 564 99 08 | I17: Méry | J17: Cas cas | K17: 2016 | L17: MAER | N17: Function
A18: PODOR | B18: Cas Cas / Saldé | C18: Tracteur 120 CV + offset 26 disques+Remorque 10T | D18: Tractor | E18: Union des GIE de wodoss | F18: Union | G18: ABOUBACRY SY | H18: 775128501 | I18: Pété | J18: Saldé | K18: 2024 | L18: MASAE | M18: LBA | N18: Function
A19: PODOR | B19: Cas Cas / Saldé | C19: TRACTEUR VALTRA DE 88 CV + PULVERISEUR OFFSET DE 20 DISQUES TRAINE | D19: Tractor | E19: Gie WEYNDE DIENG | F19: Private | G19: COUMBA IFRA DIENG | H19: 776465896 | I19: Walaldé | J19: Cas cas | K19: 2014 | L19: SAED | N19: Breakdown
A20: PODOR | B20: Cas_Cas / Saldé | C20: Tracteur 132 CV + Offset 26 disques traine VALTRA | D20: Tractor | E20: Union des GIE de Madina | F20: Union | G20: YAYA SOULEYMANE DEME | H20: 775472784 | I20: Golléré | J20: Cas cas | K20: 2014 | L20: SAED | N20: Breakdown
A21: PODOR | B21: Gamadji Saré | C21: Tracteur 125CV+Offset 28 disques Jonh deer | D21: Tractor | E21: GIE FASSE Mouhamadou lamine DJIGO Demette | F21: Private | G21: MOUHAMADOU LAMINE DJIGO | H21: 77 412 63 88 | I21: Démette | J21: Gamadji sarré | K21: 2016 | L21: MAER | N21: Function
A22: PODOR | B22: Gamadji Saré | C22: tracteur 100 CV +Offset 24 disques | D22: Tractor | E22: GIE ELIMANE DOBANGUO Demette | F22: Private | G22: Mamadou Abdoulaye SOKO | H22: 77 204 64 19 | I22: Démette | J22: Gamadji sarré | K22: 2019 | L22: MAER | N22: Function
A23: PODOR | B23: Gamadji Saré | C23: Tracteur 100CV+Offset 24 disques Dushter et remorque 5 T | D23: Tractor | E23: RESEPP | F23: Private | G23: Mamadou Amadou Ndiaye | H23: 77 515 18 96 | I23: Démette | J23: Gamadji sarré | K23: 2024 | L23: MASAE | N23: Function
A24: PODOR | B24: Gamadji Saré | C24: Tracteur 100CV+Offset 24 disques | D24: Tractor | E24: Privé | F24: Private | G24: El Hadji Ndiaye | H24: 77 848 02 50 | I24: Dodel | J24: Gamadji sarré | K24: 2025 | N24: Function
A25: PODOR | B25: Gamadji Saré | C25: Tracteur 100CV+Offset 24 disques | D25: Tractor | E25: Privé | F25: Private | G25: El Hadji Tidiane Ly | H25: 77 565 24 70 | I25: Dodel | J25: Gamadji sarré | K25: N/A | N25: Function
A26: PODOR | B26: Gamadji Saré | C26: Tracteur 125CV+Offset 28 disques Jonh deer | D26: Tractor | E26: UNION DES GIE DE DEMET | F26: Union | G26: KALIDOU AW | H26: 77 567 31 13 | I26: Dodel | J26: Gamadji sarré | K26: 2016 | L26: MAER | N26: Function | O26: Pont, pignon
A27: PODOR | B27: Gamadji Saré | C27: Tracteur 125CV+Offset 28 disques Jonh deer | D27: Tractor | E27: GIE TIMTIMOL(privé) | F27: Private | G27: SAÏDOU NOUROU BA | H27: 77-639-67-67 | I27: Dodel | J27: Gamadji sarré | K27: 2016 | L27: MAER | N27: Function | O27: Ambrayage
A28: PODOR | B28: Gamadji Saré | C28: tracteur 100 CV +Offset 24 disques | D28: Tractor | E28: GIE DARA MARABOUT DARA HALAYBE | F28: Private | G28: El Hadji Mamadou Moussa LY | H28: 77 656 24 70 | I28: Dodel | J28: Gamadji sarré | K28: 2018 | L28: MAER | N28: Function
A29: PODOR | B29: Gamadji Saré | C29: Tracteur Massay Ferguson 180 CV | D29: Tractor | E29: Union Diomandou | F29: Union | G29: Oumar Wade | H29: 77 524 55 42 | I29: Dodel | J29: Gamadji sarré | K29: 2024 | L29: Don | N29: Function
A30: PODOR | B30: Gamadji Saré | C30: Moissonneuse batteuse à chenille FM WORLD | D30: Combine Harvester | E30: Union des Produceurs et Agriculteurs de Diatar | F30: Union | G30: Ousmane Sy | H30: 77 731 46 37 | I30: Guede Village | J30: Gamadji sarré | K30: 2024 | L30: MASAE | N30: Function
A31: PODOR | B31: Gamadji Saré | C31: Moissonneuse batteuse VALTRA pneu | D31: Combine Harvester | E31: Boumatt Agro fresh ABDOU SALL | F31: Private | G31: ABDOU SALL | H31: 782115605 | I31: Guede Village | J31: Gamadji sarré | K31: 2015 | L31: PUDC | N31: Function
A32: PODOR | B32: Gamadji Saré | C32: Moissonneuse batteuse Massey Fergusson | D32: Combine Harvester | E32: GIE Diokere Endam MOUSSA HAROUNA LY | F32: Private | G32: MOUSSA HAROUNA LY | H32: 77 647 69 33 | I32: Guede Village | J32: Gamadji sarré | K32: 2016 | L32: MAER | N32: Function
A33: PODOR | B33: Gamadji Saré | C33: Tracteur 125CV+Offset 28 disques Jonh deer | D33: Tractor | E33: Boumatt Agro fresh | F33: Private | G33: ABDOU SALL | H33: 78 211 56 05 | I33: Guede Village | J33: Gamadji sarré | K33: 2016 | L33: MAER | N33: Function
A34: PODOR | B34: Gamadji Saré | C34: TRACTEUR VALTRA DE 88 CV + PULVERISEUR OFFSET DE 20 DISQUES TRAINE | D34: Tractor | E34: Union Guédé Village | F34: Union | G34: IBRAHIMA DIAW | H34: 77 614 24 32 | I34: Guede Village | J34: Gamadji sarré | K34: 2014 | L34: SAED | N34: Breakdown
A35: PODOR | B35: Gamadji Saré | C35: TRACTEUR VALTRA DE 88 CV + PULVERISEUR OFFSET DE 20 DISQUES TRAINE | D35: Tractor | E35: Fédération des GIE de Donaye | F35: Union | G35: IBRAHIMA WONE | H35: 77 351 40 96 | I35: Guede Village | J35: Gamadji sarré | K35: 2014 | L35: SAED | N35: Breakdown
A36: PODOR | B36: Gamadji Saré | C36: Tracteur 125CV+Offset 28 disques Jonh deer | D36: Tractor | E36: UNION GIE DE DIATTAR | F36: Union | G36: OUSMANE SY | H36: 77 948 24 90 | I36: Guede Village | J36: Gamadji sarré | K36: 2015 | L36: MAER | N36: Function
A37: PODOR | B37: Gamadji Saré | C37: Tracteur CASE | D37: Tractor | E37: UNION GIE DE DIATTAR | F37: Union | G37: Aly Dramane Sy | H37: 77 907 31 39 | I37: Guede Village | J37: Gamadji sarré | K37: 2024 | L37: Don | N37: Function
A38: PODOR | B38: Gamadji Saré | C38: Tracteur 125CV+Offset 28 disques Jonh deer | D38: Tractor | E38: UNION GUEDE CHANTIER | F38: Union | G38: CHERIF AMADOU DIOP | H38: 77 534 86 22 | I38: Guede Village | J38: Gamadji sarré | K38: 2015 | L38: MAER | N38: Function
A39: PODOR | B39: Gamadji Saré | C39: Tracteur 125CV+Offset 28 disques Jonh deer | D39: Tractor | E39: SOULEYMANE LY MBOYO (PRIVE) | F39: Private | G39: SOULEYMANE LY | H39: 77 549 04 16 | I39: Guede Village | J39: Gamadji sarré | K39: 2015 | L39: MAER | N39: Function
A40: PODOR | B40: Gamadji Saré | C40: Tracteur John Deer 90 CV + Moissonneuse batteuse portée | D40: Tractor | E40: Boumatt Agro fresh | F40: Private | G40: ABDOU SALL | H40: 78 211 56 05 | I40: Guede Village | J40: Gamadji sarré | K40: 2016 | L40: MAER | N40: Function
A41: PODOR | B41: Gamadji Saré | C41: tracteur 100 CV +Offset 24 disques | D41: Tractor | E41: UNION GIE DE MBANTOU | F41: Union | G41: Amadou Moctar BA | H41: 77 442 61 28 | I41: Guede Village | J41: Gamadji sarré | K41: 2018 | L41: MAER | N41: Function
A42: PODOR | B42: Gamadji Saré | C42: tracteur 100 CV +Offset 24 disques | D42: Tractor | E42: GIE RACINE 2 KODITH | F42: Private | G42: ABDOULAYE RACINE ANNE | H42: 77 542 60 18 | I42: Guede Village | J42: Gamadji sarré | K42: 2018 | L42: MAER | N42: Function
A43: PODOR | B43: Gamadji Saré | C43: Tracteur 125CV+Offset 28 disques Jonh deer | D43: Tractor | E43: GIE Baidy Dieynabel DIOP | F43: Private | G43: Elhadji Demba Louboudou DIOP | H43: 77 361 922 87 | I43: Guede Village | J43: Gamadji sarré | K43: 2016 | L43: MAER | N43: Function
A44: PODOR | B44: Gamadji Saré | C44: Tracteur 125CV+Offset 28 disques Jonh deer | D44: Tractor | E44: Union thierno Bocar Ly Mboyo 1 | F44: Union | G44: SADIO SALL | H44: 77 643 65 32 | I44: Guede Village | J44: Gamadji sarré | K44: 2016 | L44: MAER | N44: Function
A45: PODOR | B45: Gamadji Saré | C45: Tracteur 100CV+Offset 24 disques Dushter et remorque 10 T | D45: Tractor | E45: Union des Organisations Paysannes Hakoudé Madje de Doué | F45: Union | G45: Malick Amadou Ly | H45: 77 550 24 81 | I45: Guede Village | J45: Gamadji sarré | K45: 2024 | L45: MASAE | M45: LBA | N45: Function
A46: PODOR | B46: Gamadji Saré | C46: Tracteur 100 CV + Offset 24 disques + remorque 10 T | D46: Tractor | E46: Privé | F46: Private | G46: MOUSSA HAROUNA LY | H46: 77 647 69 33 | I46: Guede Village | J46: Gamadji sarré | K46: 2024 | L46: MASAE | M46: LBA | N46: Function | O46: avec offset
A47: PODOR | B47: Gamadji Saré | C47: Tracteur 100 CV + Offset 24 disques + remorque 10 T | D47: Tractor | E47: Société Cooperativeagro sylvo pastoral | F47: Cooperative | G47: Mamadou Niang | H47: 77 722 65 23 | I47: Guede Village | J47: Gamadji sarré | K47: 2024 | L47: MASAE | M47: LBA | N47: Function
A48: PODOR | B48: Gamadji Saré | C48: Moissonneuse batteuse à chenille FM WORLD | D48: Combine Harvester | E48: Fédération des GIE de Donaye | F48: Union | G48: Ibrahima Aliou Sylla | H48: 77 634 52 41 | I48: Guede Village | J48: Gamadji sarré | K48: 2024 | L48: MASAE | M48: LBA | N48: Function
A49: PODOR | B49: Gamadji Saré | C49: Moissonneuse batteuse à chenille FM WORLD | D49: Combine Harvester | E49: Union des PIV de Guédé | F49: Union | G49: Ibrahima Diaw | H49: 77 614 24 32 | I49: Guede Village | J49: Gamadji sarré | K49: 2024 | L49: MASAE | M49: LBA | N49: Function
A50: PODOR | B50: Gamadji Saré | C50: Tracteur 125CV+Offset 28 disques Jonh deer | D50: Tractor | E50: UNION DIOSSOROL NDIAWAR | F50: Union | G50: MOUSSA AW | H50: 77 568 13 81 | I50: Guede Village | J50: Thillé Boubacar | K50: 2016 | L50: MAER | N50: Function
A51: PODOR | B51: Gamadji Saré | C51: Tracteur 125CV+Offset 28 disques Jonh deer | D51: Tractor | E51: GUIA (Privé) | F51: Private | G51: MAMADOU MOUSSA DIACK | H51: 77 555 44 57 | I51: Guede Village | J51: Gamadji sarré | K51: 2016 | L51: MAER | N51: Function
A52: PODOR | B52: Gamadji Saré | C52: Moissonneuse batteuse VALTRA pneu | D52: Combine Harvester | E52: UNION NDIOUM SP1 | F52: Union | G52: Oumar DIAW | H52: 776594761 | I52: Ndioum | K52: 2019 | L52: MAER | N52: Function
A53: PODOR | B53: Gamadji Saré | C53: tracteur 100 CV +Offset 24 disques | D53: Tractor | E53: UNION NDIOUM SP2 | F53: Union | G53: Magoum NDIAYE | H53: 775127979 | I53: Ndioum | J53: Gamadji sarré | K53: 2018 | L53: MAER | N53: Function
A54: PODOR | B54: Gamadji Saré | C54: Moissonneuse batteuse à chenille FM WORLD | D54: Combine Harvester | E54: Union des GIE SP2 de Ndioum | F54: Union | G54: Magoum Ndiaye | H54: 77 512 79 79 | I54: Ndioum | J54: Gamadji sarré | K54: 2024 | L54: MASAE | M54: LBA | N54: Function
A55: PODOR | B55: Gamadji Saré | C55: Tracteur John Deer 90 CV + Moissonneuse batteuse portée | D55: Tractor | E55: GIE Groupe Naforé | F55: Union | G55: ABDOULAYE BA | H55: 77 557 58 19 | I55: Podor | J55: Gamadji sarré | K55: 2016 | L55: MAER | N55: Function
A56: PODOR | B56: Gamadji Saré | C56: Tracteur 125CV+Offset 28 disques Jonh deer | D56: Tractor | E56: UNION H MAAJE DOUE | F56: Union | G56: ABDOULAYE BA | H56: 77 557 58 19 | I56: Podor | J56: Gamadji sarré | K56: 2015 | L56: MAER | N56: Function
A57: PODOR | B57: Gamadji Saré | C57: Tracteur 100CV+Offset 24 disques Dushter et remorque 5 T | D57: Tractor | E57: Interprofession des Producteurs d’oignon de Podor (IPOS) | F57: Union | G57: Boubacar Sall | H57: 77 659 75 68 | I57: Podor | J57: Département | K57: 2024 | L57: MASAE | N57: Function
A58: PODOR | B58: Thillé Boubacar | C58: Moissonneuse batteuse VALTRA pneu | D58: Combine Harvester | E58: Union Ngoro Fanaye SP1 | F58: Union | G58: Amadou Tall | H58: 77 537 12 31 | I58: Fanaye | J58: Thillé Boubacar | K58: 2014 | L58: SAED | N58: Breakdown
A59: PODOR | B59: Thillé Boubacar | C59: Moissonneuse batteuse VALTRA pneu | D59: Combine Harvester | E59: Union Ngoro Fanaye SP1 | F59: Union | G59: Amadou Tall | H59: 77 537 12 31 | I59: Fanaye | J59: Thillé Boubacar | K59: 2019 | L59: MAER | N59: Function
A60: PODOR | B60: Thillé Boubacar | C60: Moissonneuse batteuse à chenille | D60: Combine Harvester | E60: Union Ngoro Fanaye SP1 | F60: Union | G60: Amadou Tall | H60: 77 537 12 31 | I60: Fanaye | J60: Thillé Boubacar | K60: 2021 | L60: Coopération | N60: Function
A61: PODOR | B61: Thillé Boubacar | C61: Tracteur 132 CV + Offset 26 disques traine VALTRA | D61: Tractor | E61: Union PIV ET PIP DE Fanaye | F61: Union | G61: ALHOUSSEYNOU DJIGO | H61: 77 563 93 32 | I61: Fanaye | J61: Thillé Boubacar | K61: 2014 | L61: SAED | N61: Function
A62: PODOR | B62: Thillé Boubacar | C62: Tracteur 125CV+Offset 28 disques Jonh deer | D62: Tractor | E62: NDIEURBA SP2 | F62: Union | G62: MOUSTAPHA MBENGUE | H62: 77 459 74 73 | I62: Fanaye | J62: Thillé Boubacar | K62: 2015 | L62: MAER | N62: Function
A63: PODOR | B63: Thillé Boubacar | C63: Tracteur 125CV+Offset 28 disques Jonh deer | D63: Tractor | E63: SP1 NGORO FANAYE | F63: Union | G63: AMADOU TALL | H63: 77 537 12 31 | I63: Fanaye | J63: Thillé Boubacar | K63: 2015 | L63: MAER | N63: Function
A64: PODOR | B64: Thillé Boubacar | C64: tracteur 100 CV +Offset 24 disques TAFE | D64: Tractor | E64: CODOU DIOP | F64: Private | G64: CODOU DIOP | H64: 77 265 32 30 | I64: Fanaye | J64: Thillé Boubacar | K64: 2018 | L64: MAER | N64: Breakdown | O64: Moeteur
A65: PODOR | B65: Thillé Boubacar | C65: tracteur 100 CV +Offset 24 disques TAFE | D65: Tractor | E65: UNION DES GIE DE NGORO FANAYE | F65: Union | G65: Amadou TALL | H65: 77 537 12 31 | I65: Fanaye | J65: Thillé Boubacar | K65: 2018 | L65: MAER | N65: Function | O65: offset
A66: PODOR | B66: Thillé Boubacar | C66: Moissonneuse batteuse à chenille FM WORLD | D66: Combine Harvester | E66: Union des GIE de Ngoro Fanaye, | F66: Union | G66: Amadou Tall | H66: 77 537 12 31 | I66: Fanaye | J66: Thillé boubacar | K66: 2024 | L66: MASAE | N66: Function
A67: PODOR | B67: Thillé Boubacar | C67: Tracteur 80CV+Offset 18 disques New Holland | D67: Tractor | E67: Village de Diagnoum | F67: Union | G67: Hamat Dia | H67: 77 720 93 62 | I67: Fanaye | J67: Thillé boubacar | K67: 2024 | L67: SAEMAUL | M67: Don | N67: Function
A68: PODOR | B68: Thillé Boubacar | C68: Tracteur 80CV+Offset 18 disques New Holland | D68: Tractor | E68: Village de Thillé Boubacar | F68: Union | G68: Mamadou Diallo | H68: 70 406 91 40 | I68: Ndiayenne Pendao | J68: Thillé boubacar | K68: 2024 | L68: SAEMAUL | M68: Don | N68: Function
A69: PODOR | B69: Thillé Boubacar | C69: Moissonneuse batteuse à chenille Class | D69: Combine Harvester | E69: COOP Toro KOICA | F69: Cooperative | G69: Amadou Sy | H69: 76 600 66 63 | I69: Ndiayenne Pendao | J69: Thillé boubacar/gamadji | K69: 2024 | L69: PDCVR2 | M69: DON | N69: Function
A70: PODOR | B70: Thillé Boubacar | C70: Moissonneuse batteuse à chenille Class | D70: Combine Harvester | E70: COOP Toro KOICA | F70: Cooperative | G70: Amadou Sy | H70: 76 600 66 63 | I70: Ndiayenne Pendao | J70: Thillé boubacar/gamadji | K70: 2024 | L70: PDCVR2 | M70: DON | N70: Function
A71: PODOR | B71: Thillé Boubacar | C71: Moissonneuse batteuse à chenille Class | D71: Combine Harvester | E71: COOP Toro KOICA | F71: Cooperative | G71: Amadou Sy | H71: 76 600 66 63 | I71: Ndiayenne Pendao | J71: Thillé boubacar/gamadji | K71: 2024 | L71: PDCVR2 | M71: DON | N71: Function
A72: PODOR | B72: Thillé Boubacar | C72: Tracteur 125CV+Offset 24 disques New Holland | D72: Tractor | E72: COOP Toro KOICA | F72: Cooperative | G72: Amadou Sy | H72: 76 600 66 63 | I72: Ndiayenne Pendao | J72: Thillé boubacar | K72: 2024 | L72: PDCVR2 | M72: Don | N72: Function
A73: PODOR | B73: Thillé Boubacar | C73: Tracteur 125CV+Offset 28 disques New Holland | D73: Tractor | E73: Privé | F73: Private | G73: Ibrahima Sall | H73: 77 643 91 55 | I73: Ndiayenne Pendao | J73: Thillé boubacar | K73: 2024 | L73: Projet | M73: LBA | N73: Function
A74: PODOR | B74: Thillé Boubacar | C74: Moissonneuse batteuse new holland pneu | D74: Combine Harvester | E74: Privé | F74: Private | G74: Ibrahima Sall | H74: 77 643 91 55 | I74: Ndiayenne Pendao | J74: Thillé boubacar | K74: 2024 | L74: Projet | M74: LBA | N74: Function
A75: PODOR | B75: Thillé Boubacar | C75: Tracteur 125CV+Offset 28 disques New Holland | D75: Tractor | E75: Privé | F75: Private | G75: Hamath Guèye | H75: 77 658 72 88 | I75: Ndiayenne Pendao | J75: Thillé boubacar | K75: 2016 | L75: MAER | M75: LBA | N75: Function
A76: PODOR | B76: Thillé Boubacar | C76: TRACTEUR VALTRA DE 88 CV + PULVERISEUR OFFSET DE 20 DISQUES TRAINE | D76: Tractor | E76: Union Cheikhou Oumar Loboudou Doué | F76: Union | G76: IBRAHIMA LY | H76: 77 502 71 20 | I76: Ndiayenne Pendao | J76: Thillé Boubacar | K76: 2014 | L76: SAED | N76: Breakdown
A77: PODOR | B77: Thillé Boubacar | C77: Tracteur 132 CV + Offset 26 disques traine VALTRA | D77: Tractor | E77: FEGINA - NGALLENKA AMONT | F77: Union | G77: MOUSSA TALL | H77: 77 567 02 50 | I77: Ndiayenne Pendao | J77: Thillé Boubacar | K77: 2014 | L77: SAED | N77: Breakdown
A78: PODOR | B78: Thillé Boubacar | C78: TRACTEUR VALTRA DE 88 CV + PULVERISEUR OFFSET DE 20 DISQUES TRAINE | D78: Tractor | E78: Union Thillé thiangaye | F78: Union | G78: Bocar KANE | H78: 77 561 27 03 | I78: Ndiayenne Pendao | J78: Thillé Boubacar | K78: 2014 | L78: SAED | N78: Function
A79: PODOR | B79: Thillé Boubacar | C79: TRACTEUR VALTRA DE 88 CV + PULVERISEUR OFFSET DE 20 DISQUES TRAINE | D79: Tractor | E79: Dental MCA | F79: Union | G79: AMADOU MAHAM BA | H79: 77 898 17 06 | I79: Ndiayenne Pendao | J79: Thillé Boubacar | K79: 2014 | L79: SAED | N79: Function | O79: avec offset
A80: PODOR | B80: Thillé Boubacar | C80: Tracteur 125CV+Offset 28 disques Jonh deer | D80: Tractor | E80: UNION SUMA NIANGA | F80: Union | G80: DJIBO DIALLO | H80: 77 561 74 69 | I80: Ndiayenne Pendao | J80: Thillé Boubacar | K80: 2015 | L80: MAER | N80: Function
A81: PODOR | B81: Thillé Boubacar | C81: tracteur 100 CV +Offset 24 disques TAFE | D81: Tractor | E81: UNION DES PIV DE NIANDANE | F81: Union | G81: Mamadou NIANE | H81: 77 518 20 27 | I81: Ndiayenne Pendao | J81: Thillé Boubacar | K81: 2018 | L81: MAER | N81: Function
A82: PODOR | B82: Thillé Boubacar | C82: tracteur 100 CV +Offset 24 disques TAFE | D82: Tractor | E82: UNION THILLE - THIANGAYE | F82: Union | G82: Bocar KANE | H82: 77 561 27 03 | I82: Ndiayenne Pendao | J82: Thillé Boubacar | K82: 2018 | L82: MAER | N82: Function
A83: PODOR | B83: Thillé Boubacar | C83: tracteur 100 CV +Offset 24 disques TAFE | D83: Tractor | E83: GIE FOUTA TORO | F83: Private | G83: THIERNO MADANI TALL | H83: 77 561 28 10 | I83: Ndiayenne Pendao | J83: Thillé Boubacar | K83: 2018 | L83: MAER | N83: Function
A84: PODOR | B84: Thillé Boubacar | C84: tracteur 100 CV +Offset 24 disques TAFE | D84: Tractor | E84: ALIOU IBRAHIMA LY | F84: Private | G84: ALIOU IBRAHIMA LY | H84: 77 652 54 49 | I84: Ndiayenne Pendao | J84: Thillé Boubacar | K84: 2018 | L84: MAER | N84: Function
A85: PODOR | B85: Thillé Boubacar | C85: tracteur 100 CV +Offset 24 disques TAFE | D85: Tractor | E85: GIE HAABADE BASSAL | F85: Private | G85: ALIOU KANE | H85: 77 652 49 50 | I85: Ndiayenne Pendao | J85: Thillé Boubacar | K85: 2018 | L85: MAER | N85: Function
A86: PODOR | B86: Thillé Boubacar | C86: Tracteur 125CV+Offset 28 disques Jonh deer | D86: Tractor | E86: Union Dental MCA | F86: Union | G86: AMADOU MAHAM BA | H86: 77 898 17 06 | I86: Ndiayenne Pendao | J86: Thillé Boubacar | K86: 2016 | L86: MAER | N86: Function
A87: PODOR | B87: Thillé Boubacar | C87: Tracteur 100CV+Offset 24 disques Dushter et remorque 10 T | D87: Tractor | E87: Union des SUMAS de Nianga | F87: Union | G87: Djibo Diallo | H87: 77 561 74 69 | I87: Ndiayenne Pendao | J87: Thillé Boubacar | K87: 2024 | L87: MASAE | M87: LBA | N87: Function
A88: PODOR | B88: Thillé Boubacar | C88: Moissonneuse batteuse à chenille FM WORLD | D88: Combine Harvester | E88: Union des SUMAS de Nianga | F88: Union | G88: Djibo Diallo | H88: 77 561 74 69 | I88: Ndiayenne Pendao | J88: Thillé Boubacar | K88: 2024 | L88: MASAE | M88: LBA | N88: Function
A89: PODOR | B89: Thillé Boubacar | C89: Moissonneuse batteuse KARTAR pneu | D89: Combine Harvester | E89: Boubacar Sall | F89: Private | G89: Boubacar Sall | H89: 77 659 75 68 | I89: Niandane | J89: Thillé Boubacar | K89: 2018 | L89: MAER | N89: Breakdown
A90: PODOR | B90: Thillé Boubacar | C90: Moissonneuse batteuse Massey Fergusson pneu | D90: Combine Harvester | E90: REFAN/PODOR | F90: Union | G90: Adama GAYE | H90: 77 538 51 32 | I90: Niandane | J90: Thillé Boubacar | K90: 2019 | L90: MAER | N90: Breakdown
A91: PODOR | B91: Thillé Boubacar | C91: tracteur 100 CV +Offset 24 disques TAFE | D91: Tractor | E91: SERIGNE ABDOURAHMANE NIANE | F91: Private | G91: SERIGNE ABDOURAHMANE NIANE | H91: 77 564 33 17 | I91: Niandane | J91: Thillé Boubacar | K91: 2018 | L91: MAER | N91: Function
A92: PODOR | B92: Thillé Boubacar | C92: Moissonneuse batteuse à chenille FM WORLD | D92: Combine Harvester | E92: Union GIE pour le Développement Intégré de Niandane | F92: Union | G92: Mouhamadou Niane | H92: 77 518 20 27 | I92: Niandane | J92: Thillé boubacar | K92: 2024 | L92: MASAE | M92: LBA | N92: Function
C94: Tractor | D94: =COUNTIF($D$2:$D$92,C94) -> 69 | E94: Union | F94: =COUNTIF($F$2:$F$92,E94) -> 57 | H94: Fanaye | I94: =COUNTIF($I$2:$I$92,H94) -> 10 | M94: Function | N94: =COUNTIF($N$2:$N$92,M94) -> 77
C95: Combine Harvester | D95: =COUNTIF($D$2:$D$92,C95) -> 22 | E95: Private | F95: =COUNTIF($F$2:$F$92,E95) -> 29 | H95: Ndiayenne Pendao | I95: =COUNTIF($I$2:$I$92,H95) -> 21 | M95: Breakdown | N95: =COUNTIF($N$2:$N$92,M95) -> 14
E96: Cooperative | F96: =COUNTIF($F$2:$F$92,E96) -> 5 | H96: Niandane | I96: =COUNTIF($I$2:$I$92,H96) -> 4
H97: Démette | I97: =COUNTIF($I$2:$I$92,H97) -> 3
H98: Dodel | I98: =COUNTIF($I$2:$I$92,H98) -> 6
H99: Guede Village | I99: =COUNTIF($I$2:$I$92,H99) -> 22
H100: Ndioum | I100: =COUNTIF($I$2:$I$92,H100) -> 3
H101: Podor | I101: =COUNTIF($I$2:$I$92,H101) -> 3
...

Sheet ->Analysis

Sheet Analysis
A1: Inventory Result (Podor)
A2: Type of Machine
A3: Type of Machine | D3: Number of Machine
A4: Tractor | D4: =COUNTIF('Raw Data'!$D$2:$D$92,Analysis!A4) -> 69
A5: Combine Harvester | D5: =COUNTIF('Raw Data'!$D$2:$D$92,Analysis!A5) -> 22
A6: Total | D6: =SUM(D4:D5) -> 91
A8: Type of Owner
A9: Type of Owner | D9: Type of Machine | F9: Number of Owner | G9: Possetion Rate of Owner
A10: Union | D10: Tractor | F10: =COUNTIFS('Raw Data'!$F$2:$F$92,Analysis!A10,'Raw Data'!$D$2:$D$92,Analysis!D10) -> 42 | G10: =ROUND(F10/$D$4,2) -> 0.61
A11: Union | D11: Combine Harvester | F11: =COUNTIFS('Raw Data'!$F$2:$F$92,Analysis!A11,'Raw Data'!$D$2:$D$92,Analysis!D11) -> 15 | G11: =ROUND(F11/$D$5,2) -> 0.68
A12: Sub-total | F12: =SUM(F10:F11) -> 57 | G12: -
A13: Private | D13: Tractor | F13: =COUNTIFS('Raw Data'!$F$2:$F$92,Analysis!A13,'Raw Data'!$D$2:$D$92,Analysis!D13) -> 25 | G13: =ROUND(F13/$D$4,2) -> 0.36
A14: Private | D14: Combine Harvester | F14: =COUNTIFS('Raw Data'!$F$2:$F$92,Analysis!A14,'Raw Data'!$D$2:$D$92,Analysis!D14) -> 4 | G14: =ROUND(F14/$D$5,2) -> 0.18
A15: Sub-total | F15: =SUM(F13:F14) -> 29 | G15: -
A16: Cooperative | D16: Tractor | F16: =COUNTIFS('Raw Data'!$F$2:$F$92,Analysis!A16,'Raw Data'!$D$2:$D$92,Analysis!D16) -> 2 | G16: =ROUND(F16/$D$4,2) -> 0.03
A17: Cooperative | D17: Combine Harvester | F17: =COUNTIFS('Raw Data'!$F$2:$F$92,Analysis!A17,'Raw Data'!$D$2:$D$92,Analysis!D17) -> 3 | G17: =ROUND(F17/$D$5,2) -> 0.14
A18: Sub-total | F18: =SUM(F16:F17) -> 5 | G18: -
A19: Total | F19: =SUMIF(A10:A18,"Sub-total",F10:F18) -> 91 | G19: -
A21: Operational Situation of Machine
A22: Operation Situation | D22: Type of Machine | F22: Number of Operational Machine | G22: Operational Rate
A23: Function | D23: Tractor | F23: =COUNTIFS('Raw Data'!$N$2:$N$92,Analysis!A23,'Raw Data'!$D$2:$D$92,Analysis!D23) -> 58 | G23: =ROUND(F23/$D$4,2) -> 0.84
A24: Function | D24: Combine Harvester | F24: =COUNTIFS('Raw Data'!$N$2:$N$92,Analysis!A24,'Raw Data'!$D$2:$D$92,Analysis!D24) -> 19 | G24: =ROUND(F24/$D$5,2) -> 0.86
A25: Sub-total | F25: =SUM(F23:F24) -> 77 | G25: -
A26: Breakdown | D26: Tractor | F26: =COUNTIFS('Raw Data'!$N$2:$N$92,Analysis!A26,'Raw Data'!$D$2:$D$92,Analysis!D26) -> 11 | G26: =ROUND(F26/$D$4,2) -> 0.16
A27: Breakdown | D27: Combine Harvester | F27: =COUNTIFS('Raw Data'!$N$2:$N$92,Analysis!A27,'Raw Data'!$D$2:$D$92,Analysis!D27) -> 3 | G27: =ROUND(F27/$D$5,2) -> 0.14
A28: Sub-total | F28: =SUM(F26:F27) -> 14 | G28: -
A29: Total | F29: =SUMIF(A20:A28,"Sub-total",F20:F28) -> 91 | G29: -
A31: Owner-basis Operational Situation of Tractor
A32: Type of Owner | D32: Operation Situation | E32: Type of Machine | F32: Number of Operational Machine | G32: Operational Rate
A33: Union | D33: Function | E33: Tractor | F33: =COUNTIFS('Raw Data'!$F$2:$F$92,Analysis!A33,'Raw Data'!$N$2:$N$92,Analysis!D33,'Raw Data'!$D$2:$D$92,Analysis!E33) -> 33 | G33: =ROUND(F33/$F$35,2) -> 0.79
A34: Union | D34: Breakdown | E34: Tractor | F34: =COUNTIFS('Raw Data'!$F$2:$F$92,Analysis!A34,'Raw Data'!$N$2:$N$92,Analysis!D34,'Raw Data'!$D$2:$D$92,Analysis!E34) -> 9 | G34: =ROUND(F34/$F$35,2) -> 0.21
A35: Sub-total | F35: =SUM(F33:F34) -> 42 | G35: -
A36: Private | D36: Function | E36: Tractor | F36: =COUNTIFS('Raw Data'!$F$2:$F$92,Analysis!A36,'Raw Data'!$N$2:$N$92,Analysis!D36,'Raw Data'!$D$2:$D$92,Analysis!E36) -> 23 | G36: =ROUND(F36/$F$38,2) -> 0.92
A37: Private | D37: Breakdown | E37: Tractor | F37: =COUNTIFS('Raw Data'!$F$2:$F$92,Analysis!A37,'Raw Data'!$N$2:$N$92,Analysis!D37,'Raw Data'!$D$2:$D$92,Analysis!E37) -> 2 | G37: =ROUND(F37/$F$38,2) -> 0.08
A38: Sub-total | F38: =SUM(F36:F37) -> 25 | G38: -
A39: Cooperative | D39: Function | E39: Tractor | F39: =COUNTIFS('Raw Data'!$F$2:$F$92,Analysis!A39,'Raw Data'!$N$2:$N$92,Analysis!D39,'Raw Data'!$D$2:$D$92,Analysis!E39) -> 2 | G39: =ROUND(F39/$F$41,2) -> 1
A40: Cooperative | D40: Breakdown | E40: Tractor | F40: =COUNTIFS('Raw Data'!$F$2:$F$92,Analysis!A40,'Raw Data'!$N$2:$N$92,Analysis!D40,'Raw Data'!$D$2:$D$92,Analysis!E40) -> 0 | G40: =ROUND(F40/$F$41,2) -> 0
A41: Sub-total | F41: =SUM(F39:F40) -> 2 | G41: -
A43: Owner-basis Operational Situation of Combine Harvester
A44: Type of Owner | D44: Operation Situation | E44: Type of Machine | F44: Number of Operational Machine | G44: Operational Rate
A45: Union | D45: Function | E45: Combine Harvester | F45: =COUNTIFS('Raw Data'!$F$2:$F$92,Analysis!A45,'Raw Data'!$N$2:$N$92,Analysis!D45,'Raw Data'!$D$2:$D$92,Analysis!E45) -> 13 | G45: =ROUND(F45/$F$47,2) -> 0.87
A46: Union | D46: Breakdown | E46: Combine Harvester | F46: =COUNTIFS('Raw Data'!$F$2:$F$92,Analysis!A46,'Raw Data'!$N$2:$N$92,Analysis!D46,'Raw Data'!$D$2:$D$92,Analysis!E46) -> 2 | G46: =ROUND(F46/$F$47,2) -> 0.13
A47: Sub-total | F47: =SUM(F45:F46) -> 15 | G47: -
A48: Private | D48: Function | E48: Combine Harvester | F48: =COUNTIFS('Raw Data'!$F$2:$F$92,Analysis!A48,'Raw Data'!$N$2:$N$92,Analysis!D48,'Raw Data'!$D$2:$D$92,Analysis!E48) -> 3 | G48: =ROUND(F48/$F$50,2) -> 0.75
A49: Private | D49: Breakdown | E49: Combine Harvester | F49: =COUNTIFS('Raw Data'!$F$2:$F$92,Analysis!A49,'Raw Data'!$N$2:$N$92,Analysis!D49,'Raw Data'!$D$2:$D$92,Analysis!E49) -> 1 | G49: =ROUND(F49/$F$50,2) -> 0.25
A50: Sub-total | F50: =SUM(F48:F49) -> 4 | G50: -
A51: Cooperative | D51: Function | E51: Combine Harvester | F51: =COUNTIFS('Raw Data'!$F$2:$F$92,Analysis!A51,'Raw Data'!$N$2:$N$92,Analysis!D51,'Raw Data'!$D$2:$D$92,Analysis!E51) -> 3 | G51: =ROUND(F51/$F$53,2) -> 1
A52: Cooperative | D52: Breakdown | E52: Combine Harvester | F52: =COUNTIFS('Raw Data'!$F$2:$F$92,Analysis!A52,'Raw Data'!$N$2:$N$92,Analysis!D52,'Raw Data'!$D$2:$D$92,Analysis!E52) -> 0 | G52: =ROUND(F52/$F$53,2) -> 0
A53: Sub-total | F53: =SUM(F51:F52) -> 3 | G53: -
A55: Acquisition Period of Machine
A56: Acquisition Year | B56: Year | D56: Number of Machine
A57: Before 2018 | B57: >2018 | D57: =COUNTIF('Raw Data'!$K$2:$K$92,"<2018") -> 36
A58: Year 2018 | B58: 2018 | D58: =COUNTIF('Raw Data'!$K$2:$K$92,B58) -> 15
A59: Year 2019 | B59: 2019 | D59: =COUNTIF('Raw Data'!$K$2:$K$92,B59) -> 6
A60: Year 2020 | B60: 2020 | D60: =COUNTIF('Raw Data'!$K$2:$K$92,B60) -> 0
A61: Year 2021 | B61: 2021 | D61: =COUNTIF('Raw Data'!$K$2:$K$92,B61) -> 2
A62: Year 2022 | B62: 2022 | D62: =COUNTIF('Raw Data'!$K$2:$K$92,B62) -> 0
A63: Year 2023 | B63: 2023 | D63: =COUNTIF('Raw Data'!$K$2:$K$92,B63) -> 0
A64: Year 2024 | B64: 2024 | D64: =COUNTIF('Raw Data'!$K$2:$K$92,B64) -> 30
A65: Year 2025 | B65: 2025 | D65: =COUNTIF('Raw Data'!$K$2:$K$92,B65) -> 1
A66: N/A | B66: N/A | D66: =COUNTIF('Raw Data'!$K$2:$K$92,B66) -> 1
A67: Total | D67: =SUM(D57:D66) -> 91
A69: Acquisition Period of Tractor
A70: Acquisition Year | B70: Year | C70: Type of Machine | D70: Number of Machine
A71: Before 2018 | B71: >2018 | C71: Tractor | D71: =COUNTIFS('Raw Data'!$K$2:$K$92,"<2018",'Raw Data'!$D$2:$D$92,Analysis!C71) -> 33
A72: Year 2018 | B72: 2018 | C72: Tractor | D72: =COUNTIFS('Raw Data'!$K$2:$K$92,B72,'Raw Data'!$D$2:$D$92,Analysis!C72) -> 14
A73: Year 2019 | B73: 2019 | C73: Tractor | D73: =COUNTIFS('Raw Data'!$K$2:$K$92,B73,'Raw Data'!$D$2:$D$92,Analysis!C73) -> 2
A74: Year 2020 | B74: 2020 | C74: Tractor | D74: =COUNTIFS('Raw Data'!$K$2:$K$92,B74,'Raw Data'!$D$2:$D$92,Analysis!C74) -> 0
A75: Year 2021 | B75: 2021 | C75: Tractor | D75: =COUNTIFS('Raw Data'!$K$2:$K$92,B75,'Raw Data'!$D$2:$D$92,Analysis!C75) -> 0
A76: Year 2022 | B76: 2022 | C76: Tractor | D76: =COUNTIFS('Raw Data'!$K$2:$K$92,B76,'Raw Data'!$D$2:$D$92,Analysis!C76) -> 0
A77: Year 2023 | B77: 2023 | C77: Tractor | D77: =COUNTIFS('Raw Data'!$K$2:$K$92,B77,'Raw Data'!$D$2:$D$92,Analysis!C77) -> 0
A78: Year 2024 | B78: 2024 | C78: Tractor | D78: =COUNTIFS('Raw Data'!$K$2:$K$92,B78,'Raw Data'!$D$2:$D$92,Analysis!C78) -> 18
A79: Year 2025 | B79: 2025 | C79: Tractor | D79: =COUNTIFS('Raw Data'!$K$2:$K$92,B79,'Raw Data'!$D$2:$D$92,Analysis!C79) -> 1
A80: N/A | B80: N/A | C80: Tractor | D80: =COUNTIFS('Raw Data'!$K$2:$K$92,B80,'Raw Data'!$D$2:$D$92,Analysis!C80) -> 1
A81: Total | D81: =SUM(D71:D80) -> 69
A83: Acquisition Period of Combine Harvester
A84: Acquisition Year | B84: Year | C84: Type of Machine | D84: Number of Machine
A85: Before 2018 | B85: >2018 | C85: Combine Harvester | D85: =COUNTIFS('Raw Data'!$K$2:$K$92,"<2018",'Raw Data'!$D$2:$D$92,Analysis!C85) -> 3
A86: Year 2018 | B86: 2018 | C86: Combine Harvester | D86: =COUNTIFS('Raw Data'!$K$2:$K$92,B86,'Raw Data'!$D$2:$D$92,Analysis!C86) -> 1
A87: Year 2019 | B87: 2019 | C87: Combine Harvester | D87: =COUNTIFS('Raw Data'!$K$2:$K$92,B87,'Raw Data'!$D$2:$D$92,Analysis!C87) -> 4
A88: Year 2020 | B88: 2020 | C88: Combine Harvester | D88: =COUNTIFS('Raw Data'!$K$2:$K$92,B88,'Raw Data'!$D$2:$D$92,Analysis!C88) -> 0
A89: Year 2021 | B89: 2021 | C89: Combine Harvester | D89: =COUNTIFS('Raw Data'!$K$2:$K$92,B89,'Raw Data'!$D$2:$D$92,Analysis!C89) -> 2
A90: Year 2022 | B90: 2022 | C90: Combine Harvester | D90: =COUNTIFS('Raw Data'!$K$2:$K$92,B90,'Raw Data'!$D$2:$D$92,Analysis!C90) -> 0
A91: Year 2023 | B91: 2023 | C91: Combine Harvester | D91: =COUNTIFS('Raw Data'!$K$2:$K$92,B91,'Raw Data'!$D$2:$D$92,Analysis!C91) -> 0
A92: Year 2024 | B92: 2024 | C92: Combine Harvester | D92: =COUNTIFS('Raw Data'!$K$2:$K$92,B92,'Raw Data'!$D$2:$D$92,Analysis!C92) -> 12
A93: Year 2025 | B93: 2025 | C93: Combine Harvester | D93: =COUNTIFS('Raw Data'!$K$2:$K$92,B93,'Raw Data'!$D$2:$D$92,Analysis!C93) -> 0
A94: N/A | B94: N/A | C94: Combine Harvester | D94: =COUNTIFS('Raw Data'!$K$2:$K$92,B94,'Raw Data'!$D$2:$D$92,Analysis!C94) -> 0
A95: Total | D95: =SUM(D85:D94) -> 22

Sheet Analysis_Commune
A1: Nombre de tracteurs
A2: Secteur | B2: Commune | C2: Type materiel | D2: Type materiel | E2: Nombre de tracteurs
E3: Bon état | F3: Panne
E4: Function | F4: Breakdown
A5: Thillé Boubacar | B5: Fanaye | C5: Tracteur | D5: Tractor | E5: =COUNTIFS('Raw Data'!$I$2:$I$92,Analysis_Commune!$B5,'Raw Data'!$D$2:$D$92,Analysis_Commune!$D5,'Raw Data'!$N$2:$N$92,Analysis_Commune!E$4) -> 5 | F5: =COUNTIFS('Raw Data'!$I$2:$I$92,Analysis_Commune!$B5,'Raw Data'!$D$2:$D$92,Analysis_Commune!$D5,'Raw Data'!$N$2:$N$92,Analysis_Commune!F$4) -> 1
A6: Thillé Boubacar | B6: Ndiayenne Pendao | C6: Tracteur | D6: Tractor | E6: =COUNTIFS('Raw Data'!$I$2:$I$92,Analysis_Commune!$B6,'Raw Data'!$D$2:$D$92,Analysis_Commune!$D6,'Raw Data'!$N$2:$N$92,Analysis_Commune!E$4) -> 14 | F6: =COUNTIFS('Raw Data'!$I$2:$I$92,Analysis_Commune!$B6,'Raw Data'!$D$2:$D$92,Analysis_Commune!$D6,'Raw Data'!$N$2:$N$92,Analysis_Commune!F$4) -> 2
A7: Thillé Boubacar | B7: Niandane | C7: Tracteur | D7: Tractor | E7: =COUNTIFS('Raw Data'!$I$2:$I$92,Analysis_Commune!$B7,'Raw Data'!$D$2:$D$92,Analysis_Commune!$D7,'Raw Data'!$N$2:$N$92,Analysis_Commune!E$4) -> 1 | F7: =COUNTIFS('Raw Data'!$I$2:$I$92,Analysis_Commune!$B7,'Raw Data'!$D$2:$D$92,Analysis_Commune!$D7,'Raw Data'!$N$2:$N$92,Analysis_Commune!F$4) -> 0
A8: Sous-total | E8: =SUM(E5:E7) -> 20 | F8: =SUM(F5:F7) -> 3
A9: Gamadji Saré | B9: Démette | C9: Tracteur | D9: Tractor | E9: =COUNTIFS('Raw Data'!$I$2:$I$92,Analysis_Commune!$B9,'Raw Data'!$D$2:$D$92,Analysis_Commune!$D9,'Raw Data'!$N$2:$N$92,Analysis_Commune!E$4) -> 3 | F9: =COUNTIFS('Raw Data'!$I$2:$I$92,Analysis_Commune!$B9,'Raw Data'!$D$2:$D$92,Analysis_Commune!$D9,'Raw Data'!$N$2:$N$92,Analysis_Commune!F$4) -> 0
A10: Gamadji Saré | B10: Dodel | C10: Tracteur | D10: Tractor | E10: =COUNTIFS('Raw Data'!$I$2:$I$92,Analysis_Commune!$B10,'Raw Data'!$D$2:$D$92,Analysis_Commune!$D10,'Raw Data'!$N$2:$N$92,Analysis_Commune!E$4) -> 6 | F10: =COUNTIFS('Raw Data'!$I$2:$I$92,Analysis_Commune!$B10,'Raw Data'!$D$2:$D$92,Analysis_Commune!$D10,'Raw Data'!$N$2:$N$92,Analysis_Commune!F$4) -> 0
A11: Gamadji Saré | B11: Guede Village | C11: Tracteur | D11: Tractor | E11: =COUNTIFS('Raw Data'!$I$2:$I$92,Analysis_Commune!$B11,'Raw Data'!$D$2:$D$92,Analysis_Commune!$D11,'Raw Data'!$N$2:$N$92,Analysis_Commune!E$4) -> 15 | F11: =COUNTIFS('Raw Data'!$I$2:$I$92,Analysis_Commune!$B11,'Raw Data'!$D$2:$D$92,Analysis_Commune!$D11,'Raw Data'!$N$2:$N$92,Analysis_Commune!F$4) -> 2
A12: Gamadji Saré | B12: Ndioum | C12: Tracteur | D12: Tractor | E12: =COUNTIFS('Raw Data'!$I$2:$I$92,Analysis_Commune!$B12,'Raw Data'!$D$2:$D$92,Analysis_Commune!$D12,'Raw Data'!$N$2:$N$92,Analysis_Commune!E$4) -> 1 | F12: =COUNTIFS('Raw Data'!$I$2:$I$92,Analysis_Commune!$B12,'Raw Data'!$D$2:$D$92,Analysis_Commune!$D12,'Raw Data'!$N$2:$N$92,Analysis_Commune!F$4) -> 0
A13: Gamadji Saré | B13: Podor | C13: Tracteur | D13: Tractor | E13: =COUNTIFS('Raw Data'!$I$2:$I$92,Analysis_Commune!$B13,'Raw Data'!$D$2:$D$92,Analysis_Commune!$D13,'Raw Data'!$N$2:$N$92,Analysis_Commune!E$4) -> 3 | F13: =COUNTIFS('Raw Data'!$I$2:$I$92,Analysis_Commune!$B13,'Raw Data'!$D$2:$D$92,Analysis_Commune!$D13,'Raw Data'!$N$2:$N$92,Analysis_Commune!F$4) -> 0
A14: Sous-total | E14: =SUM(E9:E13) -> 28 | F14: =SUM(F9:F13) -> 2
A15: Cas Cas / Saldé | B15: Aéré Lao | C15: Tracteur | D15: Tractor | E15: =COUNTIFS('Raw Data'!$I$2:$I$92,Analysis_Commune!$B15,'Raw Data'!$D$2:$D$92,Analysis_Commune!$D15,'Raw Data'!$N$2:$N$92,Analysis_Commune!E$4) -> 3 | F15: =COUNTIFS('Raw Data'!$I$2:$I$92,Analysis_Commune!$B15,'Raw Data'!$D$2:$D$92,Analysis_Commune!$D15,'Raw Data'!$N$2:$N$92,Analysis_Commune!F$4) -> 0
A16: Cas Cas / Saldé | B16: Boké Dialloubé | C16: Tracteur | D16: Tractor | E16: =COUNTIFS('Raw Data'!$I$2:$I$92,Analysis_Commune!$B16,'Raw Data'!$D$2:$D$92,Analysis_Commune!$D16,'Raw Data'!$N$2:$N$92,Analysis_Commune!E$4) -> 3 | F16: =COUNTIFS('Raw Data'!$I$2:$I$92,Analysis_Commune!$B16,'Raw Data'!$D$2:$D$92,Analysis_Commune!$D16,'Raw Data'!$N$2:$N$92,Analysis_Commune!F$4) -> 1
A17: Cas Cas / Saldé | B17: Madina Diathbé | C17: Tracteur | D17: Tractor | E17: =COUNTIFS('Raw Data'!$I$2:$I$92,Analysis_Commune!$B17,'Raw Data'!$D$2:$D$92,Analysis_Commune!$D17,'Raw Data'!$N$2:$N$92,Analysis_Commune!E$4) -> 2 | F17: =COUNTIFS('Raw Data'!$I$2:$I$92,Analysis_Commune!$B17,'Raw Data'!$D$2:$D$92,Analysis_Commune!$D17,'Raw Data'!$N$2:$N$92,Analysis_Commune!F$4) -> 2
A18: Cas Cas / Saldé | B18: Mbolo Birane | C18: Tracteur | D18: Tractor | E18: =COUNTIFS('Raw Data'!$I$2:$I$92,Analysis_Commune!$B18,'Raw Data'!$D$2:$D$92,Analysis_Commune!$D18,'Raw Data'!$N$2:$N$92,Analysis_Commune!E$4) -> 0 | F18: =COUNTIFS('Raw Data'!$I$2:$I$92,Analysis_Commune!$B18,'Raw Data'!$D$2:$D$92,Analysis_Commune!$D18,'Raw Data'!$N$2:$N$92,Analysis_Commune!F$4) -> 1
A19: Cas Cas / Saldé | B19: Méry | C19: Tracteur | D19: Tractor | E19: =COUNTIFS('Raw Data'!$I$2:$I$92,Analysis_Commune!$B19,'Raw Data'!$D$2:$D$92,Analysis_Commune!$D19,'Raw Data'!$N$2:$N$92,Analysis_Commune!E$4) -> 1 | F19: =COUNTIFS('Raw Data'!$I$2:$I$92,Analysis_Commune!$B19,'Raw Data'!$D$2:$D$92,Analysis_Commune!$D19,'Raw Data'!$N$2:$N$92,Analysis_Commune!F$4) -> 0
A20: Cas Cas / Saldé | B20: Pété | C20: Tracteur | D20: Tractor | E20: =COUNTIFS('Raw Data'!$I$2:$I$92,Analysis_Commune!$B20,'Raw Data'!$D$2:$D$92,Analysis_Commune!$D20,'Raw Data'!$N$2:$N$92,Analysis_Commune!E$4) -> 1 | F20: =COUNTIFS('Raw Data'!$I$2:$I$92,Analysis_Commune!$B20,'Raw Data'!$D$2:$D$92,Analysis_Commune!$D20,'Raw Data'!$N$2:$N$92,Analysis_Commune!F$4) -> 0
A21: Cas Cas / Saldé | B21: Walaldé | C21: Tracteur | D21: Tractor | E21: =COUNTIFS('Raw Data'!$I$2:$I$92,Analysis_Commune!$B21,'Raw Data'!$D$2:$D$92,Analysis_Commune!$D21,'Raw Data'!$N$2:$N$92,Analysis_Commune!E$4) -> 0 | F21: =COUNTIFS('Raw Data'!$I$2:$I$92,Analysis_Commune!$B21,'Raw Data'!$D$2:$D$92,Analysis_Commune!$D21,'Raw Data'!$N$2:$N$92,Analysis_Commune!F$4) -> 1
A22: Cas Cas / Saldé | B22: Golléré | C22: Tracteur | D22: Tractor | E22: =COUNTIFS('Raw Data'!$I$2:$I$92,Analysis_Commune!$B22,'Raw Data'!$D$2:$D$92,Analysis_Commune!$D22,'Raw Data'!$N$2:$N$92,Analysis_Commune!E$4) -> 0 | F22: =COUNTIFS('Raw Data'!$I$2:$I$92,Analysis_Commune!$B22,'Raw Data'!$D$2:$D$92,Analysis_Commune!$D22,'Raw Data'!$N$2:$N$92,Analysis_Commune!F$4) -> 1
A23: Sous-total | E23: =SUM(E15:E22) -> 10 | F23: =SUM(F15:F22) -> 6
A24: Total | E24: =SUMIF($A5:$A23,"Sous-total",E5:E23) -> 58 | F24: =SUMIF($A5:$A23,"Sous-total",F5:F23) -> 11
A26: Nombre de moissonneuses-batteuses
A27: Secteur | B27: Commune | C27: Type materiel | D27: Type materiel | E27: Nombre de tracteurs
E28: Bon état | F28: Panne
E29: Function | F29: Breakdown
A30: Thillé Boubacar | B30: Fanaye | C30: Moissonneuses-batteuses | D30: Combine Harvester | E30: =COUNTIFS('Raw Data'!$I$2:$I$92,Analysis_Commune!$B30,'Raw Data'!$D$2:$D$92,Analysis_Commune!$D30,'Raw Data'!$N$2:$N$92,Analysis_Commune!E$4) -> 3 | F30: =COUNTIFS('Raw Data'!$I$2:$I$92,Analysis_Commune!$B30,'Raw Data'!$D$2:$D$92,Analysis_Commune!$D30,'Raw Data'!$N$2:$N$92,Analysis_Commune!F$4) -> 1
A31: Thillé Boubacar | B31: Ndiayenne Pendao | C31: Moissonneuses-batteuses | D31: Combine Harvester | E31: =COUNTIFS('Raw Data'!$I$2:$I$92,Analysis_Commune!$B31,'Raw Data'!$D$2:$D$92,Analysis_Commune!$D31,'Raw Data'!$N$2:$N$92,Analysis_Commune!E$4) -> 5 | F31: =COUNTIFS('Raw Data'!$I$2:$I$92,Analysis_Commune!$B31,'Raw Data'!$D$2:$D$92,Analysis_Commune!$D31,'Raw Data'!$N$2:$N$92,Analysis_Commune!F$4) -> 0
A32: Thillé Boubacar | B32: Niandane | C32: Moissonneuses-batteuses | D32: Combine Harvester | E32: =COUNTIFS('Raw Data'!$I$2:$I$92,Analysis_Commune!$B32,'Raw Data'!$D$2:$D$92,Analysis_Commune!$D32,'Raw Data'!$N$2:$N$92,Analysis_Commune!E$4) -> 1 | F32: =COUNTIFS('Raw Data'!$I$2:$I$92,Analysis_Commune!$B32,'Raw Data'!$D$2:$D$92,Analysis_Commune!$D32,'Raw Data'!$N$2:$N$92,Analysis_Commune!F$4) -> 2
A33: Sous-total | E33: =SUM(E30:E32) -> 9 | F33: =SUM(F30:F32) -> 3
A34: Gamadji Saré | B34: Démette | C34: Moissonneuses-batteuses | D34: Combine Harvester | E34: =COUNTIFS('Raw Data'!$I$2:$I$92,Analysis_Commune!$B34,'Raw Data'!$D$2:$D$92,Analysis_Commune!$D34,'Raw Data'!$N$2:$N$92,Analysis_Commune!E$4) -> 0 | F34: =COUNTIFS('Raw Data'!$I$2:$I$92,Analysis_Commune!$B34,'Raw Data'!$D$2:$D$92,Analysis_Commune!$D34,'Raw Data'!$N$2:$N$92,Analysis_Commune!F$4) -> 0
A35: Gamadji Saré | B35: Dodel | C35: Moissonneuses-batteuses | D35: Combine Harvester | E35: =COUNTIFS('Raw Data'!$I$2:$I$92,Analysis_Commune!$B35,'Raw Data'!$D$2:$D$92,Analysis_Commune!$D35,'Raw Data'!$N$2:$N$92,Analysis_Commune!E$4) -> 0 | F35: =COUNTIFS('Raw Data'!$I$2:$I$92,Analysis_Commune!$B35,'Raw Data'!$D$2:$D$92,Analysis_Commune!$D35,'Raw Data'!$N$2:$N$92,Analysis_Commune!F$4) -> 0
A36: Gamadji Saré | B36: Guede Village | C36: Moissonneuses-batteuses | D36: Combine Harvester | E36: =COUNTIFS('Raw Data'!$I$2:$I$92,Analysis_Commune!$B36,'Raw Data'!$D$2:$D$92,Analysis_Commune!$D36,'Raw Data'!$N$2:$N$92,Analysis_Commune!E$4) -> 5 | F36: =COUNTIFS('Raw Data'!$I$2:$I$92,Analysis_Commune!$B36,'Raw Data'!$D$2:$D$92,Analysis_Commune!$D36,'Raw Data'!$N$2:$N$92,Analysis_Commune!F$4) -> 0
A37: Gamadji Saré | B37: Ndioum | C37: Moissonneuses-batteuses | D37: Combine Harvester | E37: =COUNTIFS('Raw Data'!$I$2:$I$92,Analysis_Commune!$B37,'Raw Data'!$D$2:$D$92,Analysis_Commune!$D37,'Raw Data'!$N$2:$N$92,Analysis_Commune!E$4) -> 2 | F37: =COUNTIFS('Raw Data'!$I$2:$I$92,Analysis_Commune!$B37,'Raw Data'!$D$2:$D$92,Analysis_Commune!$D37,'Raw Data'!$N$2:$N$92,Analysis_Commune!F$4) -> 0
A38: Gamadji Saré | B38: Podor | C38: Moissonneuses-batteuses | D38: Combine Harvester | E38: =COUNTIFS('Raw Data'!$I$2:$I$92,Analysis_Commune!$B38,'Raw Data'!$D$2:$D$92,Analysis_Commune!$D38,'Raw Data'!$N$2:$N$92,Analysis_Commune!E$4) -> 0 | F38: =COUNTIFS('Raw Data'!$I$2:$I$92,Analysis_Commune!$B38,'Raw Data'!$D$2:$D$92,Analysis_Commune!$D38,'Raw Data'!$N$2:$N$92,Analysis_Commune!F$4) -> 0
A39: Sous-total | E39: =SUM(E34:E38) -> 7 | F39: =SUM(F34:F38) -> 0
A40: Cas Cas / Saldé | B40: Aéré Lao | C40: Moissonneuses-batteuses | D40: Combine Harvester | E40: =COUNTIFS('Raw Data'!$I$2:$I$92,Analysis_Commune!$B40,'Raw Data'!$D$2:$D$92,Analysis_Commune!$D40,'Raw Data'!$N$2:$N$92,Analysis_Commune!E$4) -> 2 | F40: =COUNTIFS('Raw Data'!$I$2:$I$92,Analysis_Commune!$B40,'Raw Data'!$D$2:$D$92,Analysis_Commune!$D40,'Raw Data'!$N$2:$N$92,Analysis_Commune!F$4) -> 0
A41: Cas Cas / Saldé | B41: Boké Dialloubé | C41: Moissonneuses-batteuses | D41: Combine Harvester | E41: =COUNTIFS('Raw Data'!$I$2:$I$92,Analysis_Commune!$B41,'Raw Data'!$D$2:$D$92,Analysis_Commune!$D41,'Raw Data'!$N$2:$N$92,Analysis_Commune!E$4) -> 0 | F41: =COUNTIFS('Raw Data'!$I$2:$I$92,Analysis_Commune!$B41,'Raw Data'!$D$2:$D$92,Analysis_Commune!$D41,'Raw Data'!$N$2:$N$92,Analysis_Commune!F$4) -> 0
A42: Cas Cas / Saldé | B42: Madina Diathbé | C42: Moissonneuses-batteuses | D42: Combine Harvester | E42: =COUNTIFS('Raw Data'!$I$2:$I$92,Analysis_Commune!$B42,'Raw Data'!$D$2:$D$92,Analysis_Commune!$D42,'Raw Data'!$N$2:$N$92,Analysis_Commune!E$4) -> 1 | F42: =COUNTIFS('Raw Data'!$I$2:$I$92,Analysis_Commune!$B42,'Raw Data'!$D$2:$D$92,Analysis_Commune!$D42,'Raw Data'!$N$2:$N$92,Analysis_Commune!F$4) -> 0
A43: Cas Cas / Saldé | B43: Mbolo Birane | C43: Moissonneuses-batteuses | D43: Combine Harvester | E43: =COUNTIFS('Raw Data'!$I$2:$I$92,Analysis_Commune!$B43,'Raw Data'!$D$2:$D$92,Analysis_Commune!$D43,'Raw Data'!$N$2:$N$92,Analysis_Commune!E$4) -> 0 | F43: =COUNTIFS('Raw Data'!$I$2:$I$92,Analysis_Commune!$B43,'Raw Data'!$D$2:$D$92,Analysis_Commune!$D43,'Raw Data'!$N$2:$N$92,Analysis_Commune!F$4) -> 0
A44: Cas Cas / Saldé | B44: Méry | C44: Moissonneuses-batteuses | D44: Combine Harvester | E44: =COUNTIFS('Raw Data'!$I$2:$I$92,Analysis_Commune!$B44,'Raw Data'!$D$2:$D$92,Analysis_Commune!$D44,'Raw Data'!$N$2:$N$92,Analysis_Commune!E$4) -> 0 | F44: =COUNTIFS('Raw Data'!$I$2:$I$92,Analysis_Commune!$B44,'Raw Data'!$D$2:$D$92,Analysis_Commune!$D44,'Raw Data'!$N$2:$N$92,Analysis_Commune!F$4) -> 0
A45: Cas Cas / Saldé | B45: Pété | C45: Moissonneuses-batteuses | D45: Combine Harvester | E45: =COUNTIFS('Raw Data'!$I$2:$I$92,Analysis_Commune!$B45,'Raw Data'!$D$2:$D$92,Analysis_Commune!$D45,'Raw Data'!$N$2:$N$92,Analysis_Commune!E$4) -> 0 | F45: =COUNTIFS('Raw Data'!$I$2:$I$92,Analysis_Commune!$B45,'Raw Data'!$D$2:$D$92,Analysis_Commune!$D45,'Raw Data'!$N$2:$N$92,Analysis_Commune!F$4) -> 0
A46: Cas Cas / Saldé | B46: Walaldé | C46: Moissonneuses-batteuses | D46: Combine Harvester | E46: =COUNTIFS('Raw Data'!$I$2:$I$92,Analysis_Commune!$B46,'Raw Data'!$D$2:$D$92,Analysis_Commune!$D46,'Raw Data'!$N$2:$N$92,Analysis_Commune!E$4) -> 0 | F46: =COUNTIFS('Raw Data'!$I$2:$I$92,Analysis_Commune!$B46,'Raw Data'!$D$2:$D$92,Analysis_Commune!$D46,'Raw Data'!$N$2:$N$92,Analysis_Commune!F$4) -> 0
A47: Cas Cas / Saldé | B47: Golléré | C47: Moissonneuses-batteuses | D47: Combine Harvester | E47: =COUNTIFS('Raw Data'!$I$2:$I$92,Analysis_Commune!$B47,'Raw Data'!$D$2:$D$92,Analysis_Commune!$D47,'Raw Data'!$N$2:$N$92,Analysis_Commune!E$4) -> 0 | F47: =COUNTIFS('Raw Data'!$I$2:$I$92,Analysis_Commune!$B47,'Raw Data'!$D$2:$D$92,Analysis_Commune!$D47,'Raw Data'!$N$2:$N$92,Analysis_Commune!F$4) -> 0
A48: Sous-total | E48: =SUM(E40:E47) -> 3 | F48: =SUM(F40:F47) -> 0
A49: Total | E49: =SUMIF($A30:$A48,"Sous-total",E30:E48) -> 19 | F49: =SUMIF($A30:$A48,"Sous-total",F30:F48) -> 3

Sheet List of Service Provider
P1: Tractor | S1: Combine Harvester | V1: Tractor | X1: Combine Harvester
A2: Delegation | B2: Secteur | C2: Caract materiels agricole | D2: type materiel | E2: Structure benef | F2: Type organisat | G2: Nom responsable | H2: Telephone | I2: commune_zi | J2: Arrondissement | K2: Année acquisition | L2: Provenance | M2: Financement | N2: Observations | P2: Service Provider (Extract) | Q2: Service Provider (List) | S2: Service Provider (Extract) | T2: Service Provider (List) | V2: List of Service provider | W2: Form | X2: List of Service provider | Y2: Form
A3: PODOR | B3: Cas Cas / Saldé | C3: Moissonneuse batteuse Massey Fergusson pneu | D3: Combine Harvester | E3: Union SP2 Aeré Lao | F3: Union | G3: Amadou Tidiane Dème | H3: 775567586 | I3: Aéré Lao | J3: Cas cas | K3: 2021 | L3: Fédération | M3: LBA | N3: Function | P3: {=IFERROR(_xlfn._xlws.FILTER(E3,D3="Tractor"),"")} | Q3: {=_xlfn.UNIQUE(P3:P93)} | S3: {=IFERROR(_xlfn._xlws.FILTER(E3,D3="Combine Harvester"),"")} -> Union SP2 Aeré Lao | T3: {=_xlfn.UNIQUE(S3:S93)} -> Union SP2 Aeré Lao | V3: PELLITAL (prestataire Aéré) | W3: =_xlfn.XLOOKUP(V3,$E$3:$E$93,$F$3:$F$93,"") -> Private | X3: Union SP2 Aeré Lao | Y3: =_xlfn.XLOOKUP(X3,$E$3:$E$93,$F$3:$F$93,"") -> Union
A4: PODOR | B4: Cas Cas / Saldé | C4: Tracteur 125CV+Offset 28 disques Jonh deer | D4: Tractor | E4: PELLITAL (prestataire Aéré) | F4: Private | G4: AMADOU THIAM | H4: 77 567 03 11 | I4: Aéré Lao | J4: Cas cas | K4: 2016 | L4: MAER | N4: Function | P4: {=IFERROR(_xlfn._xlws.FILTER(E4,D4="Tractor"),"")} -> PELLITAL (prestataire Aéré) | Q4: PELLITAL (prestataire Aéré) | S4: {=IFERROR(_xlfn._xlws.FILTER(E4,D4="Combine Harvester"),"")} | V4: Union des GIE de Aéré Lao SP 2 | W4: =_xlfn.XLOOKUP(V4,$E$3:$E$93,$F$3:$F$93,"") -> Union | X4: Union des GIE de Aéré Lao SP 2 | Y4: =_xlfn.XLOOKUP(X4,$E$3:$E$93,$F$3:$F$93,"") -> Union
A5: PODOR | B5: Cas Cas / Saldé | C5: Tracteur 100CV+Offset 24 disques Dushter et remorque 10 T | D5: Tractor | E5: Union des GIE de Aéré Lao SP 2 | F5: Union | G5: Amadou Tidiane Dème | H5: 77 556 75 86 | I5: Aéré Lao | J5: Cas cas | K5: 2024 | L5: MASAE | M5: LBA | N5: Function | P5: {=IFERROR(_xlfn._xlws.FILTER(E5,D5="Tractor"),"")} -> Union des GIE de Aéré Lao SP 2 | Q5: Union des GIE de Aéré Lao SP 2 | S5: {=IFERROR(_xlfn._xlws.FILTER(E5,D5="Combine Harvester"),"")} | T5: Union des GIE de Aéré Lao SP 2 | V5: GIE BIDIEW | W5: =_xlfn.XLOOKUP(V5,$E$3:$E$93,$F$3:$F$93,"") -> Private | X5: FUGIAM | Y5: =_xlfn.XLOOKUP(X5,$E$3:$E$93,$F$3:$F$93,"") -> Union
A6: PODOR | B6: Cas Cas / Saldé | C6: Moissonneuse batteuse à chenille FM WORLD | D6: Combine Harvester | E6: Union des GIE de Aéré Lao SP 2 | F6: Union | G6: Amadou Tidiane Dème | H6: 77 556 75 86 | I6: Aéré Lao | J6: Cas cas | K6: 2024 | L6: MASAE | M6: LBA | N6: Function | P6: {=IFERROR(_xlfn._xlws.FILTER(E6,D6="Tractor"),"")} | Q6: GIE BIDIEW | S6: {=IFERROR(_xlfn._xlws.FILTER(E6,D6="Combine Harvester"),"")} -> Union des GIE de Aéré Lao SP 2 | T6: FUGIAM | V6: UNION YIRLAABE THIKITE | W6: =_xlfn.XLOOKUP(V6,$E$3:$E$93,$F$3:$F$93,"") -> Union | X6: Union des Produceurs et Agriculteurs de Diatar | Y6: =_xlfn.XLOOKUP(X6,$E$3:$E$93,$F$3:$F$93,"") -> Union
A7: PODOR | B7: Cas Cas / Saldé | C7: Tracteur 100CV+Offset 24 disques | D7: Tractor | E7: GIE BIDIEW | F7: Private | G7: Thioye Fils | I7: Aéré Lao | J7: Cas cas | K7: 2019 | L7: MASAE | N7: Function | P7: {=IFERROR(_xlfn._xlws.FILTER(E7,D7="Tractor"),"")} -> GIE BIDIEW | Q7: UNION YIRLAABE THIKITE | S7: {=IFERROR(_xlfn._xlws.FILTER(E7,D7="Combine Harvester"),"")} | T7: Union des Produceurs et Agriculteurs de Diatar | V7: Union des GIE Yirlabé Saldé Ouallah | W7: =_xlfn.XLOOKUP(V7,$E$3:$E$93,$F$3:$F$93,"") -> Union | X7: Boumatt Agro fresh ABDOU SALL | Y7: =_xlfn.XLOOKUP(X7,$E$3:$E$93,$F$3:$F$93,"") -> Private
A8: PODOR | B8: Cas Cas / Saldé | C8: Tracteur 125CV+Offset 28 disques Jonh deer | D8: Tractor | E8: UNION YIRLAABE THIKITE | F8: Union | G8: CIRADJI BA | H8: 77 565 00 01 | I8: Boké Dialloubé | J8: Cas cas | K8: 2015 | L8: MAER | N8: Breakdown | P8: {=IFERROR(_xlfn._xlws.FILTER(E8,D8="Tractor"),"")} -> UNION YIRLAABE THIKITE | Q8: Union des GIE Yirlabé Saldé Ouallah | S8: {=IFERROR(_xlfn._xlws.FILTER(E8,D8="Combine Harvester"),"")} | T8: Boumatt Agro fresh ABDOU SALL | V8: UAI 4 SALDE | W8: =_xlfn.XLOOKUP(V8,$E$3:$E$93,$F$3:$F$93,"") -> Union | X8: GIE Diokere Endam MOUSSA HAROUNA LY | Y8: =_xlfn.XLOOKUP(X8,$E$3:$E$93,$F$3:$F$93,"") -> Private
A9: PODOR | B9: Cas Cas / Saldé | C9: Tracteur 100CV+Offset 24 disques Dushter et remorque 10 T | D9: Tractor | E9: Union des GIE Yirlabé Saldé Ouallah | F9: Union | H9: 77 519 26 44 | I9: Boké Dialloubé | J9: Saldé | K9: 2024 | L9: MASAE | N9: Function | P9: {=IFERROR(_xlfn._xlws.FILTER(E9,D9="Tractor"),"")} -> Union des GIE Yirlabé Saldé Ouallah | Q9: UAI 4 SALDE | S9: {=IFERROR(_xlfn._xlws.FILTER(E9,D9="Combine Harvester"),"")} | T9: GIE Diokere Endam MOUSSA HAROUNA LY | V9: UNION SALDE | W9: =_xlfn.XLOOKUP(V9,$E$3:$E$93,$F$3:$F$93,"") -> Union | X9: Fédération des GIE de Donaye | Y9: =_xlfn.XLOOKUP(X9,$E$3:$E$93,$F$3:$F$93,"") -> Union
A10: PODOR | B10: Cas Cas / Saldé | D10: Tractor | E10: UAI 4 SALDE | F10: Union | G10: ALLASANE DIA | H10: 774070332 | I10: Boké Dialloubé | J10: Saldé | K10: 2024 | L10: MASAE | M10: LBA | N10: Function | P10: {=IFERROR(_xlfn._xlws.FILTER(E10,D10="Tractor"),"")} -> UAI 4 SALDE | Q10: UNION SALDE | S10: {=IFERROR(_xlfn._xlws.FILTER(E10,D10="Combine Harvester"),"")} | T10: Fédération des GIE de Donaye | V10: Union de Cas-Cas | W10: =_xlfn.XLOOKUP(V10,$E$3:$E$93,$F$3:$F$93,"") -> Union | X10: Union des PIV de Guédé | Y10: =_xlfn.XLOOKUP(X10,$E$3:$E$93,$F$3:$F$93,"") -> Union
A11: PODOR | B11: Cas Cas / Saldé | C11: Tracteur 100CV+Offset 24 disques Dushter et remorque 10 T | D11: Tractor | E11: UNION SALDE | F11: Union | G11: IBRAHIMA HANN | H11: 775714906 | I11: Boké Dialloubé | J11: SALDE | K11: 2024 | L11: MASAE | M11: LBA | N11: Function | P11: {=IFERROR(_xlfn._xlws.FILTER(E11,D11="Tractor"),"")} -> UNION SALDE | Q11: Union de Cas-Cas | S11: {=IFERROR(_xlfn._xlws.FILTER(E11,D11="Combine Harvester"),"")} | T11: Union des PIV de Guédé | V11: UNION DES GIE DU VILLAGE DE CAS -CAS | W11: =_xlfn.XLOOKUP(V11,$E$3:$E$93,$F$3:$F$93,"") -> Union | X11: UNION NDIOUM SP1 | Y11: =_xlfn.XLOOKUP(X11,$E$3:$E$93,$F$3:$F$93,"") -> Union
A12: PODOR | B12: Cas Cas / Saldé | C12: Moissonneuse batteuse Massey Fergusson pneu | D12: Combine Harvester | E12: FUGIAM | F12: Union | G12: Samba THIAM | H12: 775715290 | I12: Madina Diathbé | J12: Cas cas | K12: 2019 | L12: MAER | N12: Function | P12: {=IFERROR(_xlfn._xlws.FILTER(E12,D12="Tractor"),"")} | Q12: UNION DES GIE DU VILLAGE DE CAS -CAS | S12: {=IFERROR(_xlfn._xlws.FILTER(E12,D12="Combine Harvester"),"")} -> FUGIAM | T12: UNION NDIOUM SP1 | V12: UNION GIE DE THIOUBALEL | W12: =_xlfn.XLOOKUP(V12,$E$3:$E$93,$F$3:$F$93,"") -> Union | X12: Union des GIE SP2 de Ndioum | Y12: =_xlfn.XLOOKUP(X12,$E$3:$E$93,$F$3:$F$93,"") -> Union
A13: PODOR | B13: Cas Cas / Saldé | C13: TRACTEUR VALTRA DE 88 CV + PULVERISEUR OFFSET DE 20 DISQUES TRAINE | D13: Tractor | E13: Union de Cas-Cas | F13: Union | G13: SAMBA MOUSSA THIAM | H13: 77 571 52 90 | I13: Madina Diathbé | J13: Cas cas | K13: 2014 | L13: SAED | N13: Breakdown | P13: {=IFERROR(_xlfn._xlws.FILTER(E13,D13="Tractor"),"")} -> Union de Cas-Cas | Q13: UNION GIE DE THIOUBALEL | S13: {=IFERROR(_xlfn._xlws.FILTER(E13,D13="Combine Harvester"),"")} | T13: Union des GIE SP2 de Ndioum | V13: FRA PSE | W13: =_xlfn.XLOOKUP(V13,$E$3:$E$93,$F$3:$F$93,"") -> Private | X13: Union Ngoro Fanaye SP1 | Y13: =_xlfn.XLOOKUP(X13,$E$3:$E$93,$F$3:$F$93,"") -> Union
A14: PODOR | B14: Cas Cas / Saldé | C14: Tracteur 100 CV +Offset 24 disques | D14: Tractor | E14: UNION DES GIE DU VILLAGE DE CAS -CAS | F14: Union | G14: Moussa Samba DIAW | H14: 775399560 | I14: Madina Diathbé | J14: Cas cas | K14: 2018 | L14: MAER | N14: Breakdown | P14: {=IFERROR(_xlfn._xlws.FILTER(E14,D14="Tractor"),"")} -> UNION DES GIE DU VILLAGE DE CAS -CAS | Q14: FRA PSE | S14: {=IFERROR(_xlfn._xlws.FILTER(E14,D14="Combine Harvester"),"")} | T14: Union Ngoro Fanaye SP1 | V14: UNION MBOLO BIRANE | W14: =_xlfn.XLOOKUP(V14,$E$3:$E$93,$F$3:$F$93,"") -> Union | X14: Union des GIE de Ngoro Fanaye, | Y14: =_xlfn.XLOOKUP(X14,$E$3:$E$93,$F$3:$F$93,"") -> Union
A15: PODOR | B15: Cas Cas / Saldé | C15: tracteur 100 CV +Offset 24 disques | D15: Tractor | E15: UNION GIE DE THIOUBALEL | F15: Union | G15: Yoro SY / 78 569 35 22 | H15: 775624283 | I15: Madina Diathbé | J15: Cas cas | K15: 2018 | L15: MAER | N15: Function | P15: {=IFERROR(_xlfn._xlws.FILTER(E15,D15="Tractor"),"")} -> UNION GIE DE THIOUBALEL | Q15: UNION MBOLO BIRANE | S15: {=IFERROR(_xlfn._xlws.FILTER(E15,D15="Combine Harvester"),"")} | T15: Union des GIE de Ngoro Fanaye, | V15: Union Djigadji Mery | W15: =_xlfn.XLOOKUP(V15,$E$3:$E$93,$F$3:$F$93,"") -> Union | X15: COOP Toro KOICA | Y15: =_xlfn.XLOOKUP(X15,$E$3:$E$93,$F$3:$F$93,"") -> Cooperative
A16: PODOR | B16: Cas Cas / Saldé | C16: Tracteur 100CV+Offset 24 disques Dushter et remorque 5 T | D16: Tractor | E16: FRA PSE | F16: Private | G16: FATIMATA GAYE | H16: 77 103 30 56 | I16: Madina Diathbé | J16: Cas cas | K16: 2024 | L16: MASAE | M16: LBA | N16: Function | P16: {=IFERROR(_xlfn._xlws.FILTER(E16,D16="Tractor"),"")} -> FRA PSE | Q16: Union Djigadji Mery | S16: {=IFERROR(_xlfn._xlws.FILTER(E16,D16="Combine Harvester"),"")} | T16: COOP Toro KOICA | V16: Union des GIE de wodoss | W16: =_xlfn.XLOOKUP(V16,$E$3:$E$93,$F$3:$F$93,"") -> Union | X16: Privé | Y16: =_xlfn.XLOOKUP(X16,$E$3:$E$93,$F$3:$F$93,"") -> Private
A17: PODOR | B17: Cas Cas / Saldé | C17: Tracteur 125CV+Offset 28 disques Jonh deer | D17: Tractor | E17: UNION MBOLO BIRANE | F17: Union | G17: OUSMANE AMADOU KANE | H17: 77 560 29 15 | I17: Mbolo Birane | J17: Cas cas | K17: 2015 | L17: MAER | N17: Breakdown | P17: {=IFERROR(_xlfn._xlws.FILTER(E17,D17="Tractor"),"")} -> UNION MBOLO BIRANE | Q17: Union des GIE de wodoss | S17: {=IFERROR(_xlfn._xlws.FILTER(E17,D17="Combine Harvester"),"")} | T17: Privé | V17: Gie WEYNDE DIENG | W17: =_xlfn.XLOOKUP(V17,$E$3:$E$93,$F$3:$F$93,"") -> Private | X17: Union des SUMAS de Nianga | Y17: =_xlfn.XLOOKUP(X17,$E$3:$E$93,$F$3:$F$93,"") -> Union
A18: PODOR | B18: Cas Cas / Saldé | C18: Tracteur 125CV+Offset 28 disques Jonh deer | D18: Tractor | E18: Union Djigadji Mery | F18: Union | G18: SAMBA BARA SOW | H18: 77 564 99 08 | I18: Méry | J18: Cas cas | K18: 2016 | L18: MAER | N18: Function | P18: {=IFERROR(_xlfn._xlws.FILTER(E18,D18="Tractor"),"")} -> Union Djigadji Mery | Q18: Gie WEYNDE DIENG | S18: {=IFERROR(_xlfn._xlws.FILTER(E18,D18="Combine Harvester"),"")} | T18: Union des SUMAS de Nianga | V18: Union des GIE de Madina | W18: =_xlfn.XLOOKUP(V18,$E$3:$E$93,$F$3:$F$93,"") -> Union | X18: Boubacar Sall | Y18: =_xlfn.XLOOKUP(X18,$E$3:$E$93,$F$3:$F$93,"") -> Private
A19: PODOR | B19: Cas Cas / Saldé | C19: Tracteur 120 CV + offset 26 disques+Remorque 10T | D19: Tractor | E19: Union des GIE de wodoss | F19: Union | G19: ABOUBACRY SY | H19: 775128501 | I19: Pété | J19: Saldé | K19: 2024 | L19: MASAE | M19: LBA | N19: Function | P19: {=IFERROR(_xlfn._xlws.FILTER(E19,D19="Tractor"),"")} -> Union des GIE de wodoss | Q19: Union des GIE de Madina | S19: {=IFERROR(_xlfn._xlws.FILTER(E19,D19="Combine Harvester"),"")} | T19: Boubacar Sall | V19: GIE FASSE Mouhamadou lamine DJIGO Demette | W19: =_xlfn.XLOOKUP(V19,$E$3:$E$93,$F$3:$F$93,"") -> Private | X19: REFAN/PODOR | Y19: =_xlfn.XLOOKUP(X19,$E$3:$E$93,$F$3:$F$93,"") -> Union
A20: PODOR | B20: Cas Cas / Saldé | C20: TRACTEUR VALTRA DE 88 CV + PULVERISEUR OFFSET DE 20 DISQUES TRAINE | D20: Tractor | E20: Gie WEYNDE DIENG | F20: Private | G20: COUMBA IFRA DIENG | H20: 776465896 | I20: Walaldé | J20: Cas cas | K20: 2014 | L20: SAED | N20: Breakdown | P20: {=IFERROR(_xlfn._xlws.FILTER(E20,D20="Tractor"),"")} -> Gie WEYNDE DIENG | Q20: GIE FASSE Mouhamadou lamine DJIGO Demette | S20: {=IFERROR(_xlfn._xlws.FILTER(E20,D20="Combine Harvester"),"")} | T20: REFAN/PODOR | V20: GIE ELIMANE DOBANGUO Demette | W20: =_xlfn.XLOOKUP(V20,$E$3:$E$93,$F$3:$F$93,"") -> Private | X20: Union GIE pour le Développement Intégré de Niandane | Y20: =_xlfn.XLOOKUP(X20,$E$3:$E$93,$F$3:$F$93,"") -> Union
A21: PODOR | B21: Cas_Cas / Saldé | C21: Tracteur 132 CV + Offset 26 disques traine VALTRA | D21: Tractor | E21: Union des GIE de Madina | F21: Union | G21: YAYA SOULEYMANE DEME | H21: 775472784 | I21: Golléré | J21: Cas cas | K21: 2014 | L21: SAED | N21: Breakdown | P21: {=IFERROR(_xlfn._xlws.FILTER(E21,D21="Tractor"),"")} -> Union des GIE de Madina | Q21: GIE ELIMANE DOBANGUO Demette | S21: {=IFERROR(_xlfn._xlws.FILTER(E21,D21="Combine Harvester"),"")} | T21: Union GIE pour le Développement Intégré de Niandane | V21: RESEPP | W21: =_xlfn.XLOOKUP(V21,$E$3:$E$93,$F$3:$F$93,"") -> Private
A22: PODOR | B22: Gamadji Saré | C22: Tracteur 125CV+Offset 28 disques Jonh deer | D22: Tractor | E22: GIE FASSE Mouhamadou lamine DJIGO Demette | F22: Private | G22: MOUHAMADOU LAMINE DJIGO | H22: 77 412 63 88 | I22: Démette | J22: Gamadji sarré | K22: 2016 | L22: MAER | N22: Function | P22: {=IFERROR(_xlfn._xlws.FILTER(E22,D22="Tractor"),"")} -> GIE FASSE Mouhamadou lamine DJIGO Demette | Q22: RESEPP | S22: {=IFERROR(_xlfn._xlws.FILTER(E22,D22="Combine Harvester"),"")} | V22: Privé | W22: =_xlfn.XLOOKUP(V22,$E$3:$E$93,$F$3:$F$93,"") -> Private
A23: PODOR | B23: Gamadji Saré | C23: tracteur 100 CV +Offset 24 disques | D23: Tractor | E23: GIE ELIMANE DOBANGUO Demette | F23: Private | G23: Mamadou Abdoulaye SOKO | H23: 77 204 64 19 | I23: Démette | J23: Gamadji sarré | K23: 2019 | L23: MAER | N23: Function | P23: {=IFERROR(_xlfn._xlws.FILTER(E23,D23="Tractor"),"")} -> GIE ELIMANE DOBANGUO Demette | Q23: Privé | S23: {=IFERROR(_xlfn._xlws.FILTER(E23,D23="Combine Harvester"),"")} | V23: UNION DES GIE DE DEMET | W23: =_xlfn.XLOOKUP(V23,$E$3:$E$93,$F$3:$F$93,"") -> Union
A24: PODOR | B24: Gamadji Saré | C24: Tracteur 100CV+Offset 24 disques Dushter et remorque 5 T | D24: Tractor | E24: RESEPP | F24: Private | G24: Mamadou Amadou Ndiaye | H24: 77 515 18 96 | I24: Démette | J24: Gamadji sarré | K24: 2024 | L24: MASAE | N24: Function | P24: {=IFERROR(_xlfn._xlws.FILTER(E24,D24="Tractor"),"")} -> RESEPP | Q24: UNION DES GIE DE DEMET | S24: {=IFERROR(_xlfn._xlws.FILTER(E24,D24="Combine Harvester"),"")} | V24: GIE TIMTIMOL(privé) | W24: =_xlfn.XLOOKUP(V24,$E$3:$E$93,$F$3:$F$93,"") -> Private
A25: PODOR | B25: Gamadji Saré | C25: Tracteur 100CV+Offset 24 disques | D25: Tractor | E25: Privé | F25: Private | G25: El Hadji Ndiaye | H25: 77 848 02 50 | I25: Dodel | J25: Gamadji sarré | K25: 2025 | N25: Function | P25: {=IFERROR(_xlfn._xlws.FILTER(E25,D25="Tractor"),"")} -> Privé | Q25: GIE TIMTIMOL(privé) | S25: {=IFERROR(_xlfn._xlws.FILTER(E25,D25="Combine Harvester"),"")} | V25: GIE DARA MARABOUT DARA HALAYBE | W25: =_xlfn.XLOOKUP(V25,$E$3:$E$93,$F$3:$F$93,"") -> Private
A26: PODOR | B26: Gamadji Saré | C26: Tracteur 100CV+Offset 24 disques | D26: Tractor | E26: Privé | F26: Private | G26: El Hadji Tidiane Ly | H26: 77 565 24 70 | I26: Dodel | J26: Gamadji sarré | K26: N/A | N26: Function | P26: {=IFERROR(_xlfn._xlws.FILTER(E26,D26="Tractor"),"")} -> Privé | Q26: GIE DARA MARABOUT DARA HALAYBE | S26: {=IFERROR(_xlfn._xlws.FILTER(E26,D26="Combine Harvester"),"")} | V26: Union Diomandou | W26: =_xlfn.XLOOKUP(V26,$E$3:$E$93,$F$3:$F$93,"") -> Union
A27: PODOR | B27: Gamadji Saré | C27: Tracteur 125CV+Offset 28 disques Jonh deer | D27: Tractor | E27: UNION DES GIE DE DEMET | F27: Union | G27: KALIDOU AW | H27: 77 567 31 13 | I27: Dodel | J27: Gamadji sarré | K27: 2016 | L27: MAER | N27: Function | O27: Pont, pignon | P27: {=IFERROR(_xlfn._xlws.FILTER(E27,D27="Tractor"),"")} -> UNION DES GIE DE DEMET | Q27: Union Diomandou | S27: {=IFERROR(_xlfn._xlws.FILTER(E27,D27="Combine Harvester"),"")} | V27: Boumatt Agro fresh | W27: =_xlfn.XLOOKUP(V27,$E$3:$E$93,$F$3:$F$93,"") -> Private
A28: PODOR | B28: Gamadji Saré | C28: Tracteur 125CV+Offset 28 disques Jonh deer | D28: Tractor | E28: GIE TIMTIMOL(privé) | F28: Private | G28: SAÏDOU NOUROU BA | H28: 77-639-67-67 | I28: Dodel | J28: Gamadji sarré | K28: 2016 | L28: MAER | N28: Function | O28: Ambrayage | P28: {=IFERROR(_xlfn._xlws.FILTER(E28,D28="Tractor"),"")} -> GIE TIMTIMOL(privé) | Q28: Boumatt Agro fresh | S28: {=IFERROR(_xlfn._xlws.FILTER(E28,D28="Combine Harvester"),"")} | V28: Union Guédé Village | W28: =_xlfn.XLOOKUP(V28,$E$3:$E$93,$F$3:$F$93,"") -> Union
A29: PODOR | B29: Gamadji Saré | C29: tracteur 100 CV +Offset 24 disques | D29: Tractor | E29: GIE DARA MARABOUT DARA HALAYBE | F29: Private | G29: El Hadji Mamadou Moussa LY | H29: 77 656 24 70 | I29: Dodel | J29: Gamadji sarré | K29: 2018 | L29: MAER | N29: Function | P29: {=IFERROR(_xlfn._xlws.FILTER(E29,D29="Tractor"),"")} -> GIE DARA MARABOUT DARA HALAYBE | Q29: Union Guédé Village | S29: {=IFERROR(_xlfn._xlws.FILTER(E29,D29="Combine Harvester"),"")} | V29: Fédération des GIE de Donaye | W29: =_xlfn.XLOOKUP(V29,$E$3:$E$93,$F$3:$F$93,"") -> Union
A30: PODOR | B30: Gamadji Saré | C30: Tracteur Massay Ferguson 180 CV | D30: Tractor | E30: Union Diomandou | F30: Union | G30: Oumar Wade | H30: 77 524 55 42 | I30: Dodel | J30: Gamadji sarré | K30: 2024 | L30: Don | N30: Function | P30: {=IFERROR(_xlfn._xlws.FILTER(E30,D30="Tractor"),"")} -> Union Diomandou | Q30: Fédération des GIE de Donaye | S30: {=IFERROR(_xlfn._xlws.FILTER(E30,D30="Combine Harvester"),"")} | V30: UNION GIE DE DIATTAR | W30: =_xlfn.XLOOKUP(V30,$E$3:$E$93,$F$3:$F$93,"") -> Union
A31: PODOR | B31: Gamadji Saré | C31: Moissonneuse batteuse à chenille FM WORLD | D31: Combine Harvester | E31: Union des Produceurs et Agriculteurs de Diatar | F31: Union | G31: Ousmane Sy | H31: 77 731 46 37 | I31: Guede Village | J31: Gamadji sarré | K31: 2024 | L31: MASAE | N31: Function | P31: {=IFERROR(_xlfn._xlws.FILTER(E31,D31="Tractor"),"")} | Q31: UNION GIE DE DIATTAR | S31: {=IFERROR(_xlfn._xlws.FILTER(E31,D31="Combine Harvester"),"")} -> Union des Produceurs et Agriculteurs de Diatar | V31: UNION GUEDE CHANTIER | W31: =_xlfn.XLOOKUP(V31,$E$3:$E$93,$F$3:$F$93,"") -> Union
A32: PODOR | B32: Gamadji Saré | C32: Moissonneuse batteuse VALTRA pneu | D32: Combine Harvester | E32: Boumatt Agro fresh ABDOU SALL | F32: Private | G32: ABDOU SALL | H32: 782115605 | I32: Guede Village | J32: Gamadji sarré | K32: 2015 | L32: PUDC | N32: Function | P32: {=IFERROR(_xlfn._xlws.FILTER(E32,D32="Tractor"),"")} | Q32: UNION GUEDE CHANTIER | S32: {=IFERROR(_xlfn._xlws.FILTER(E32,D32="Combine Harvester"),"")} -> Boumatt Agro fresh ABDOU SALL | V32: SOULEYMANE LY MBOYO (PRIVE) | W32: =_xlfn.XLOOKUP(V32,$E$3:$E$93,$F$3:$F$93,"") -> Private
A33: PODOR | B33: Gamadji Saré | C33: Moissonneuse batteuse Massey Fergusson | D33: Combine Harvester | E33: GIE Diokere Endam MOUSSA HAROUNA LY | F33: Private | G33: MOUSSA HAROUNA LY | H33: 77 647 69 33 | I33: Guede Village | J33: Gamadji sarré | K33: 2016 | L33: MAER | N33: Function | P33: {=IFERROR(_xlfn._xlws.FILTER(E33,D33="Tractor"),"")} | Q33: SOULEYMANE LY MBOYO (PRIVE) | S33: {=IFERROR(_xlfn._xlws.FILTER(E33,D33="Combine Harvester"),"")} -> GIE Diokere Endam MOUSSA HAROUNA LY | V33: UNION GIE DE MBANTOU | W33: =_xlfn.XLOOKUP(V33,$E$3:$E$93,$F$3:$F$93,"") -> Union
A34: PODOR | B34: Gamadji Saré | C34: Tracteur 125CV+Offset 28 disques Jonh deer | D34: Tractor | E34: Boumatt Agro fresh | F34: Private | G34: ABDOU SALL | H34: 78 211 56 05 | I34: Guede Village | J34: Gamadji sarré | K34: 2016 | L34: MAER | N34: Function | P34: {=IFERROR(_xlfn._xlws.FILTER(E34,D34="Tractor"),"")} -> Boumatt Agro fresh | Q34: UNION GIE DE MBANTOU | S34: {=IFERROR(_xlfn._xlws.FILTER(E34,D34="Combine Harvester"),"")} | V34: GIE RACINE 2 KODITH | W34: =_xlfn.XLOOKUP(V34,$E$3:$E$93,$F$3:$F$93,"") -> Private
A35: PODOR | B35: Gamadji Saré | C35: TRACTEUR VALTRA DE 88 CV + PULVERISEUR OFFSET DE 20 DISQUES TRAINE | D35: Tractor | E35: Union Guédé Village | F35: Union | G35: IBRAHIMA DIAW | H35: 77 614 24 32 | I35: Guede Village | J35: Gamadji sarré | K35: 2014 | L35: SAED | N35: Breakdown | P35: {=IFERROR(_xlfn._xlws.FILTER(E35,D35="Tractor"),"")} -> Union Guédé Village | Q35: GIE RACINE 2 KODITH | S35: {=IFERROR(_xlfn._xlws.FILTER(E35,D35="Combine Harvester"),"")} | V35: GIE Baidy Dieynabel DIOP | W35: =_xlfn.XLOOKUP(V35,$E$3:$E$93,$F$3:$F$93,"") -> Private
A36: PODOR | B36: Gamadji Saré | C36: TRACTEUR VALTRA DE 88 CV + PULVERISEUR OFFSET DE 20 DISQUES TRAINE | D36: Tractor | E36: Fédération des GIE de Donaye | F36: Union | G36: IBRAHIMA WONE | H36: 77 351 40 96 | I36: Guede Village | J36: Gamadji sarré | K36: 2014 | L36: SAED | N36: Breakdown | P36: {=IFERROR(_xlfn._xlws.FILTER(E36,D36="Tractor"),"")} -> Fédération des GIE de Donaye | Q36: GIE Baidy Dieynabel DIOP | S36: {=IFERROR(_xlfn._xlws.FILTER(E36,D36="Combine Harvester"),"")} | V36: Union thierno Bocar Ly Mboyo 1 | W36: =_xlfn.XLOOKUP(V36,$E$3:$E$93,$F$3:$F$93,"") -> Union
A37: PODOR | B37: Gamadji Saré | C37: Tracteur 125CV+Offset 28 disques Jonh deer | D37: Tractor | E37: UNION GIE DE DIATTAR | F37: Union | G37: OUSMANE SY | H37: 77 948 24 90 | I37: Guede Village | J37: Gamadji sarré | K37: 2015 | L37: MAER | N37: Function | P37: {=IFERROR(_xlfn._xlws.FILTER(E37,D37="Tractor"),"")} -> UNION GIE DE DIATTAR | Q37: Union thierno Bocar Ly Mboyo 1 | S37: {=IFERROR(_xlfn._xlws.FILTER(E37,D37="Combine Harvester"),"")} | V37: Union des Organisations Paysannes Hakoudé Madje de Doué | W37: =_xlfn.XLOOKUP(V37,$E$3:$E$93,$F$3:$F$93,"") -> Union
A38: PODOR | B38: Gamadji Saré | C38: Tracteur CASE | D38: Tractor | E38: UNION GIE DE DIATTAR | F38: Union | G38: Aly Dramane Sy | H38: 77 907 31 39 | I38: Guede Village | J38: Gamadji sarré | K38: 2024 | L38: Don | N38: Function | P38: {=IFERROR(_xlfn._xlws.FILTER(E38,D38="Tractor"),"")} -> UNION GIE DE DIATTAR | Q38: Union des Organisations Paysannes Hakoudé Madje de Doué | S38: {=IFERROR(_xlfn._xlws.FILTER(E38,D38="Combine Harvester"),"")} | V38: Société Cooperativeagro sylvo pastoral | W38: =_xlfn.XLOOKUP(V38,$E$3:$E$93,$F$3:$F$93,"") -> Cooperative
A39: PODOR | B39: Gamadji Saré | C39: Tracteur 125CV+Offset 28 disques Jonh deer | D39: Tractor | E39: UNION GUEDE CHANTIER | F39: Union | G39: CHERIF AMADOU DIOP | H39: 77 534 86 22 | I39: Guede Village | J39: Gamadji sarré | K39: 2015 | L39: MAER | N39: Function | P39: {=IFERROR(_xlfn._xlws.FILTER(E39,D39="Tractor"),"")} -> UNION GUEDE CHANTIER | Q39: Société Cooperativeagro sylvo pastoral | S39: {=IFERROR(_xlfn._xlws.FILTER(E39,D39="Combine Harvester"),"")} | V39: UNION DIOSSOROL NDIAWAR | W39: =_xlfn.XLOOKUP(V39,$E$3:$E$93,$F$3:$F$93,"") -> Union
A40: PODOR | B40: Gamadji Saré | C40: Tracteur 125CV+Offset 28 disques Jonh deer | D40: Tractor | E40: SOULEYMANE LY MBOYO (PRIVE) | F40: Private | G40: SOULEYMANE LY | H40: 77 549 04 16 | I40: Guede Village | J40: Gamadji sarré | K40: 2015 | L40: MAER | N40: Function | P40: {=IFERROR(_xlfn._xlws.FILTER(E40,D40="Tractor"),"")} -> SOULEYMANE LY MBOYO (PRIVE) | Q40: UNION DIOSSOROL NDIAWAR | S40: {=IFERROR(_xlfn._xlws.FILTER(E40,D40="Combine Harvester"),"")} | V40: GUIA (Privé) | W40: =_xlfn.XLOOKUP(V40,$E$3:$E$93,$F$3:$F$93,"") -> Private
A41: PODOR | B41: Gamadji Saré | C41: Tracteur John Deer 90 CV + Moissonneuse batteuse portée | D41: Tractor | E41: Boumatt Agro fresh | F41: Private | G41: ABDOU SALL | H41: 78 211 56 05 | I41: Guede Village | J41: Gamadji sarré | K41: 2016 | L41: MAER | N41: Function | P41: {=IFERROR(_xlfn._xlws.FILTER(E41,D41="Tractor"),"")} -> Boumatt Agro fresh | Q41: GUIA (Privé) | S41: {=IFERROR(_xlfn._xlws.FILTER(E41,D41="Combine Harvester"),"")} | V41: UNION NDIOUM SP2 | W41: =_xlfn.XLOOKUP(V41,$E$3:$E$93,$F$3:$F$93,"") -> Union
A42: PODOR | B42: Gamadji Saré | C42: tracteur 100 CV +Offset 24 disques | D42: Tractor | E42: UNION GIE DE MBANTOU | F42: Union | G42: Amadou Moctar BA | H42: 77 442 61 28 | I42: Guede Village | J42: Gamadji sarré | K42: 2018 | L42: MAER | N42: Function | P42: {=IFERROR(_xlfn._xlws.FILTER(E42,D42="Tractor"),"")} -> UNION GIE DE MBANTOU | Q42: UNION NDIOUM SP2 | S42: {=IFERROR(_xlfn._xlws.FILTER(E42,D42="Combine Harvester"),"")} | V42: GIE Groupe Naforé | W42: =_xlfn.XLOOKUP(V42,$E$3:$E$93,$F$3:$F$93,"") -> Union
A43: PODOR | B43: Gamadji Saré | C43: tracteur 100 CV +Offset 24 disques | D43: Tractor | E43: GIE RACINE 2 KODITH | F43: Private | G43: ABDOULAYE RACINE ANNE | H43: 77 542 60 18 | I43: Guede Village | J43: Gamadji sarré | K43: 2018 | L43: MAER | N43: Function | P43: {=IFERROR(_xlfn._xlws.FILTER(E43,D43="Tractor"),"")} -> GIE RACINE 2 KODITH | Q43: GIE Groupe Naforé | S43: {=IFERROR(_xlfn._xlws.FILTER(E43,D43="Combine Harvester"),"")} | V43: UNION H MAAJE DOUE | W43: =_xlfn.XLOOKUP(V43,$E$3:$E$93,$F$3:$F$93,"") -> Union
A44: PODOR | B44: Gamadji Saré | C44: Tracteur 125CV+Offset 28 disques Jonh deer | D44: Tractor | E44: GIE Baidy Dieynabel DIOP | F44: Private | G44: Elhadji Demba Louboudou DIOP | H44: 77 361 922 87 | I44: Guede Village | J44: Gamadji sarré | K44: 2016 | L44: MAER | N44: Function | P44: {=IFERROR(_xlfn._xlws.FILTER(E44,D44="Tractor"),"")} -> GIE Baidy Dieynabel DIOP | Q44: UNION H MAAJE DOUE | S44: {=IFERROR(_xlfn._xlws.FILTER(E44,D44="Combine Harvester"),"")} | V44: Interprofession des Producteurs d’oignon de Podor (IPOS) | W44: =_xlfn.XLOOKUP(V44,$E$3:$E$93,$F$3:$F$93,"") -> Union
A45: PODOR | B45: Gamadji Saré | C45: Tracteur 125CV+Offset 28 disques Jonh deer | D45: Tractor | E45: Union thierno Bocar Ly Mboyo 1 | F45: Union | G45: SADIO SALL | H45: 77 643 65 32 | I45: Guede Village | J45: Gamadji sarré | K45: 2016 | L45: MAER | N45: Function | P45: {=IFERROR(_xlfn._xlws.FILTER(E45,D45="Tractor"),"")} -> Union thierno Bocar Ly Mboyo 1 | Q45: Interprofession des Producteurs d’oignon de Podor (IPOS) | S45: {=IFERROR(_xlfn._xlws.FILTER(E45,D45="Combine Harvester"),"")} | V45: Union PIV ET PIP DE Fanaye | W45: =_xlfn.XLOOKUP(V45,$E$3:$E$93,$F$3:$F$93,"") -> Union
A46: PODOR | B46: Gamadji Saré | C46: Tracteur 100CV+Offset 24 disques Dushter et remorque 10 T | D46: Tractor | E46: Union des Organisations Paysannes Hakoudé Madje de Doué | F46: Union | G46: Malick Amadou Ly | H46: 77 550 24 81 | I46: Guede Village | J46: Gamadji sarré | K46: 2024 | L46: MASAE | M46: LBA | N46: Function | P46: {=IFERROR(_xlfn._xlws.FILTER(E46,D46="Tractor"),"")} -> Union des Organisations Paysannes Hakoudé Madje de Doué | Q46: Union PIV ET PIP DE Fanaye | S46: {=IFERROR(_xlfn._xlws.FILTER(E46,D46="Combine Harvester"),"")} | V46: NDIEURBA SP2 | W46: =_xlfn.XLOOKUP(V46,$E$3:$E$93,$F$3:$F$93,"") -> Union
A47: PODOR | B47: Gamadji Saré | C47: Tracteur 100 CV + Offset 24 disques + remorque 10 T | D47: Tractor | E47: Privé | F47: Private | G47: MOUSSA HAROUNA LY | H47: 77 647 69 33 | I47: Guede Village | J47: Gamadji sarré | K47: 2024 | L47: MASAE | M47: LBA | N47: Function | O47: avec offset | P47: {=IFERROR(_xlfn._xlws.FILTER(E47,D47="Tractor"),"")} -> Privé | Q47: NDIEURBA SP2 | S47: {=IFERROR(_xlfn._xlws.FILTER(E47,D47="Combine Harvester"),"")} | V47: SP1 NGORO FANAYE | W47: =_xlfn.XLOOKUP(V47,$E$3:$E$93,$F$3:$F$93,"") -> Union
A48: PODOR | B48: Gamadji Saré | C48: Tracteur 100 CV + Offset 24 disques + remorque 10 T | D48: Tractor | E48: Société Cooperativeagro sylvo pastoral | F48: Cooperative | G48: Mamadou Niang | H48: 77 722 65 23 | I48: Guede Village | J48: Gamadji sarré | K48: 2024 | L48: MASAE | M48: LBA | N48: Function | P48: {=IFERROR(_xlfn._xlws.FILTER(E48,D48="Tractor"),"")} -> Société Cooperativeagro sylvo pastoral | Q48: SP1 NGORO FANAYE | S48: {=IFERROR(_xlfn._xlws.FILTER(E48,D48="Combine Harvester"),"")} | V48: CODOU DIOP | W48: =_xlfn.XLOOKUP(V48,$E$3:$E$93,$F$3:$F$93,"") -> Private
A49: PODOR | B49: Gamadji Saré | C49: Moissonneuse batteuse à chenille FM WORLD | D49: Combine Harvester | E49: Fédération des GIE de Donaye | F49: Union | G49: Ibrahima Aliou Sylla | H49: 77 634 52 41 | I49: Guede Village | J49: Gamadji sarré | K49: 2024 | L49: MASAE | M49: LBA | N49: Function | P49: {=IFERROR(_xlfn._xlws.FILTER(E49,D49="Tractor"),"")} | Q49: CODOU DIOP | S49: {=IFERROR(_xlfn._xlws.FILTER(E49,D49="Combine Harvester"),"")} -> Fédération des GIE de Donaye | V49: UNION DES GIE DE NGORO FANAYE | W49: =_xlfn.XLOOKUP(V49,$E$3:$E$93,$F$3:$F$93,"") -> Union
A50: PODOR | B50: Gamadji Saré | C50: Moissonneuse batteuse à chenille FM WORLD | D50: Combine Harvester | E50: Union des PIV de Guédé | F50: Union | G50: Ibrahima Diaw | H50: 77 614 24 32 | I50: Guede Village | J50: Gamadji sarré | K50: 2024 | L50: MASAE | M50: LBA | N50: Function | P50: {=IFERROR(_xlfn._xlws.FILTER(E50,D50="Tractor"),"")} | Q50: UNION DES GIE DE NGORO FANAYE | S50: {=IFERROR(_xlfn._xlws.FILTER(E50,D50="Combine Harvester"),"")} -> Union des PIV de Guédé | V50: Village de Diagnoum | W50: =_xlfn.XLOOKUP(V50,$E$3:$E$93,$F$3:$F$93,"") -> Union
A51: PODOR | B51: Gamadji Saré | C51: Tracteur 125CV+Offset 28 disques Jonh deer | D51: Tractor | E51: UNION DIOSSOROL NDIAWAR | F51: Union | G51: MOUSSA AW | H51: 77 568 13 81 | I51: Guede Village | J51: Thillé Boubacar | K51: 2016 | L51: MAER | N51: Function | P51: {=IFERROR(_xlfn._xlws.FILTER(E51,D51="Tractor"),"")} -> UNION DIOSSOROL NDIAWAR | Q51: Village de Diagnoum | S51: {=IFERROR(_xlfn._xlws.FILTER(E51,D51="Combine Harvester"),"")} | V51: Village de Thillé Boubacar | W51: =_xlfn.XLOOKUP(V51,$E$3:$E$93,$F$3:$F$93,"") -> Union
A52: PODOR | B52: Gamadji Saré | C52: Tracteur 125CV+Offset 28 disques Jonh deer | D52: Tractor | E52: GUIA (Privé) | F52: Private | G52: MAMADOU MOUSSA DIACK | H52: 77 555 44 57 | I52: Guede Village | J52: Gamadji sarré | K52: 2016 | L52: MAER | N52: Function | P52: {=IFERROR(_xlfn._xlws.FILTER(E52,D52="Tractor"),"")} -> GUIA (Privé) | Q52: Village de Thillé Boubacar | S52: {=IFERROR(_xlfn._xlws.FILTER(E52,D52="Combine Harvester"),"")} | V52: COOP Toro KOICA | W52: =_xlfn.XLOOKUP(V52,$E$3:$E$93,$F$3:$F$93,"") -> Cooperative
A53: PODOR | B53: Gamadji Saré | C53: Moissonneuse batteuse VALTRA pneu | D53: Combine Harvester | E53: UNION NDIOUM SP1 | F53: Union | G53: Oumar DIAW | H53: 776594761 | I53: Ndioum | K53: 2019 | L53: MAER | N53: Function | P53: {=IFERROR(_xlfn._xlws.FILTER(E53,D53="Tractor"),"")} | Q53: COOP Toro KOICA | S53: {=IFERROR(_xlfn._xlws.FILTER(E53,D53="Combine Harvester"),"")} -> UNION NDIOUM SP1 | V53: Union Cheikhou Oumar Loboudou Doué | W53: =_xlfn.XLOOKUP(V53,$E$3:$E$93,$F$3:$F$93,"") -> Union
A54: PODOR | B54: Gamadji Saré | C54: tracteur 100 CV +Offset 24 disques | D54: Tractor | E54: UNION NDIOUM SP2 | F54: Union | G54: Magoum NDIAYE | H54: 775127979 | I54: Ndioum | J54: Gamadji sarré | K54: 2018 | L54: MAER | N54: Function | P54: {=IFERROR(_xlfn._xlws.FILTER(E54,D54="Tractor"),"")} -> UNION NDIOUM SP2 | Q54: Union Cheikhou Oumar Loboudou Doué | S54: {=IFERROR(_xlfn._xlws.FILTER(E54,D54="Combine Harvester"),"")} | V54: FEGINA - NGALLENKA AMONT | W54: =_xlfn.XLOOKUP(V54,$E$3:$E$93,$F$3:$F$93,"") -> Union
A55: PODOR | B55: Gamadji Saré | C55: Moissonneuse batteuse à chenille FM WORLD | D55: Combine Harvester | E55: Union des GIE SP2 de Ndioum | F55: Union | G55: Magoum Ndiaye | H55: 77 512 79 79 | I55: Ndioum | J55: Gamadji sarré | K55: 2024 | L55: MASAE | M55: LBA | N55: Function | P55: {=IFERROR(_xlfn._xlws.FILTER(E55,D55="Tractor"),"")} | Q55: FEGINA - NGALLENKA AMONT | S55: {=IFERROR(_xlfn._xlws.FILTER(E55,D55="Combine Harvester"),"")} -> Union des GIE SP2 de Ndioum | V55: Union Thillé thiangaye | W55: =_xlfn.XLOOKUP(V55,$E$3:$E$93,$F$3:$F$93,"") -> Union
A56: PODOR | B56: Gamadji Saré | C56: Tracteur John Deer 90 CV + Moissonneuse batteuse portée | D56: Tractor | E56: GIE Groupe Naforé | F56: Union | G56: ABDOULAYE BA | H56: 77 557 58 19 | I56: Podor | J56: Gamadji sarré | K56: 2016 | L56: MAER | N56: Function | P56: {=IFERROR(_xlfn._xlws.FILTER(E56,D56="Tractor"),"")} -> GIE Groupe Naforé | Q56: Union Thillé thiangaye | S56: {=IFERROR(_xlfn._xlws.FILTER(E56,D56="Combine Harvester"),"")} | V56: Dental MCA | W56: =_xlfn.XLOOKUP(V56,$E$3:$E$93,$F$3:$F$93,"") -> Union
A57: PODOR | B57: Gamadji Saré | C57: Tracteur 125CV+Offset 28 disques Jonh deer | D57: Tractor | E57: UNION H MAAJE DOUE | F57: Union | G57: ABDOULAYE BA | H57: 77 557 58 19 | I57: Podor | J57: Gamadji sarré | K57: 2015 | L57: MAER | N57: Function | P57: {=IFERROR(_xlfn._xlws.FILTER(E57,D57="Tractor"),"")} -> UNION H MAAJE DOUE | Q57: Dental MCA | S57: {=IFERROR(_xlfn._xlws.FILTER(E57,D57="Combine Harvester"),"")} | V57: UNION SUMA NIANGA | W57: =_xlfn.XLOOKUP(V57,$E$3:$E$93,$F$3:$F$93,"") -> Union
A58: PODOR | B58: Gamadji Saré | C58: Tracteur 100CV+Offset 24 disques Dushter et remorque 5 T | D58: Tractor | E58: Interprofession des Producteurs d’oignon de Podor (IPOS) | F58: Union | G58: Boubacar Sall | H58: 77 659 75 68 | I58: Podor | J58: Département | K58: 2024 | L58: MASAE | N58: Function | P58: {=IFERROR(_xlfn._xlws.FILTER(E58,D58="Tractor"),"")} -> Interprofession des Producteurs d’oignon de Podor (IPOS) | Q58: UNION SUMA NIANGA | S58: {=IFERROR(_xlfn._xlws.FILTER(E58,D58="Combine Harvester"),"")} | V58: UNION DES PIV DE NIANDANE | W58: =_xlfn.XLOOKUP(V58,$E$3:$E$93,$F$3:$F$93,"") -> Union
A59: PODOR | B59: Thillé Boubacar | C59: Moissonneuse batteuse VALTRA pneu | D59: Combine Harvester | E59: Union Ngoro Fanaye SP1 | F59: Union | G59: Amadou Tall | H59: 77 537 12 31 | I59: Fanaye | J59: Thillé Boubacar | K59: 2014 | L59: SAED | N59: Breakdown | P59: {=IFERROR(_xlfn._xlws.FILTER(E59,D59="Tractor"),"")} | Q59: UNION DES PIV DE NIANDANE | S59: {=IFERROR(_xlfn._xlws.FILTER(E59,D59="Combine Harvester"),"")} -> Union Ngoro Fanaye SP1 | V59: UNION THILLE - THIANGAYE | W59: =_xlfn.XLOOKUP(V59,$E$3:$E$93,$F$3:$F$93,"") -> Union
A60: PODOR | B60: Thillé Boubacar | C60: Moissonneuse batteuse VALTRA pneu | D60: Combine Harvester | E60: Union Ngoro Fanaye SP1 | F60: Union | G60: Amadou Tall | H60: 77 537 12 31 | I60: Fanaye | J60: Thillé Boubacar | K60: 2019 | L60: MAER | N60: Function | P60: {=IFERROR(_xlfn._xlws.FILTER(E60,D60="Tractor"),"")} | Q60: UNION THILLE - THIANGAYE | S60: {=IFERROR(_xlfn._xlws.FILTER(E60,D60="Combine Harvester"),"")} -> Union Ngoro Fanaye SP1 | V60: GIE FOUTA TORO | W60: =_xlfn.XLOOKUP(V60,$E$3:$E$93,$F$3:$F$93,"") -> Private
A61: PODOR | B61: Thillé Boubacar | C61: Moissonneuse batteuse à chenille | D61: Combine Harvester | E61: Union Ngoro Fanaye SP1 | F61: Union | G61: Amadou Tall | H61: 77 537 12 31 | I61: Fanaye | J61: Thillé Boubacar | K61: 2021 | L61: Coopération | N61: Function | P61: {=IFERROR(_xlfn._xlws.FILTER(E61,D61="Tractor"),"")} | Q61: GIE FOUTA TORO | S61: {=IFERROR(_xlfn._xlws.FILTER(E61,D61="Combine Harvester"),"")} -> Union Ngoro Fanaye SP1 | V61: ALIOU IBRAHIMA LY | W61: =_xlfn.XLOOKUP(V61,$E$3:$E$93,$F$3:$F$93,"") -> Private
A62: PODOR | B62: Thillé Boubacar | C62: Tracteur 132 CV + Offset 26 disques traine VALTRA | D62: Tractor | E62: Union PIV ET PIP DE Fanaye | F62: Union | G62: ALHOUSSEYNOU DJIGO | H62: 77 563 93 32 | I62: Fanaye | J62: Thillé Boubacar | K62: 2014 | L62: SAED | N62: Function | P62: {=IFERROR(_xlfn._xlws.FILTER(E62,D62="Tractor"),"")} -> Union PIV ET PIP DE Fanaye | Q62: ALIOU IBRAHIMA LY | S62: {=IFERROR(_xlfn._xlws.FILTER(E62,D62="Combine Harvester"),"")} | V62: GIE HAABADE BASSAL | W62: =_xlfn.XLOOKUP(V62,$E$3:$E$93,$F$3:$F$93,"") -> Private
A63: PODOR | B63: Thillé Boubacar | C63: Tracteur 125CV+Offset 28 disques Jonh deer | D63: Tractor | E63: NDIEURBA SP2 | F63: Union | G63: MOUSTAPHA MBENGUE | H63: 77 459 74 73 | I63: Fanaye | J63: Thillé Boubacar | K63: 2015 | L63: MAER | N63: Function | P63: {=IFERROR(_xlfn._xlws.FILTER(E63,D63="Tractor"),"")} -> NDIEURBA SP2 | Q63: GIE HAABADE BASSAL | S63: {=IFERROR(_xlfn._xlws.FILTER(E63,D63="Combine Harvester"),"")} | V63: Union Dental MCA | W63: =_xlfn.XLOOKUP(V63,$E$3:$E$93,$F$3:$F$93,"") -> Union
A64: PODOR | B64: Thillé Boubacar | C64: Tracteur 125CV+Offset 28 disques Jonh deer | D64: Tractor | E64: SP1 NGORO FANAYE | F64: Union | G64: AMADOU TALL | H64: 77 537 12 31 | I64: Fanaye | J64: Thillé Boubacar | K64: 2015 | L64: MAER | N64: Function | P64: {=IFERROR(_xlfn._xlws.FILTER(E64,D64="Tractor"),"")} -> SP1 NGORO FANAYE | Q64: Union Dental MCA | S64: {=IFERROR(_xlfn._xlws.FILTER(E64,D64="Combine Harvester"),"")} | V64: Union des SUMAS de Nianga | W64: =_xlfn.XLOOKUP(V64,$E$3:$E$93,$F$3:$F$93,"") -> Union
A65: PODOR | B65: Thillé Boubacar | C65: tracteur 100 CV +Offset 24 disques TAFE | D65: Tractor | E65: CODOU DIOP | F65: Private | G65: CODOU DIOP | H65: 77 265 32 30 | I65: Fanaye | J65: Thillé Boubacar | K65: 2018 | L65: MAER | N65: Breakdown | O65: Moeteur | P65: {=IFERROR(_xlfn._xlws.FILTER(E65,D65="Tractor"),"")} -> CODOU DIOP | Q65: Union des SUMAS de Nianga | S65: {=IFERROR(_xlfn._xlws.FILTER(E65,D65="Combine Harvester"),"")} | V65: SERIGNE ABDOURAHMANE NIANE | W65: =_xlfn.XLOOKUP(V65,$E$3:$E$93,$F$3:$F$93,"") -> Private
A66: PODOR | B66: Thillé Boubacar | C66: tracteur 100 CV +Offset 24 disques TAFE | D66: Tractor | E66: UNION DES GIE DE NGORO FANAYE | F66: Union | G66: Amadou TALL | H66: 77 537 12 31 | I66: Fanaye | J66: Thillé Boubacar | K66: 2018 | L66: MAER | N66: Function | O66: offset | P66: {=IFERROR(_xlfn._xlws.FILTER(E66,D66="Tractor"),"")} -> UNION DES GIE DE NGORO FANAYE | Q66: SERIGNE ABDOURAHMANE NIANE | S66: {=IFERROR(_xlfn._xlws.FILTER(E66,D66="Combine Harvester"),"")} | W66: =_xlfn.XLOOKUP(V66,$E$3:$E$93,$F$3:$F$93,"")
A67: PODOR | B67: Thillé Boubacar | C67: Moissonneuse batteuse à chenille FM WORLD | D67: Combine Harvester | E67: Union des GIE de Ngoro Fanaye, | F67: Union | G67: Amadou Tall | H67: 77 537 12 31 | I67: Fanaye | J67: Thillé boubacar | K67: 2024 | L67: MASAE | N67: Function | P67: {=IFERROR(_xlfn._xlws.FILTER(E67,D67="Tractor"),"")} | S67: {=IFERROR(_xlfn._xlws.FILTER(E67,D67="Combine Harvester"),"")} -> Union des GIE de Ngoro Fanaye, | V67: Union | W67: =COUNTIF($W$3:$W$65,V67) -> 41 | X67: Union | Y67: =COUNTIF($Y$3:$Y$65,X67) -> 13
A68: PODOR | B68: Thillé Boubacar | C68: Tracteur 80CV+Offset 18 disques New Holland | D68: Tractor | E68: Village de Diagnoum | F68: Union | G68: Hamat Dia | H68: 77 720 93 62 | I68: Fanaye | J68: Thillé boubacar | K68: 2024 | L68: SAEMAUL | M68: Don | N68: Function | P68: {=IFERROR(_xlfn._xlws.FILTER(E68,D68="Tractor"),"")} -> Village de Diagnoum | S68: {=IFERROR(_xlfn._xlws.FILTER(E68,D68="Combine Harvester"),"")} | V68: Private | W68: =COUNTIF($W$3:$W$65,V68) -> 20 | X68: Private | Y68: =COUNTIF($Y$3:$Y$65,X68) -> 4
A69: PODOR | B69: Thillé Boubacar | C69: Tracteur 80CV+Offset 18 disques New Holland | D69: Tractor | E69: Village de Thillé Boubacar | F69: Union | G69: Mamadou Diallo | H69: 70 406 91 40 | I69: Ndiayenne Pendao | J69: Thillé boubacar | K69: 2024 | L69: SAEMAUL | M69: Don | N69: Function | P69: {=IFERROR(_xlfn._xlws.FILTER(E69,D69="Tractor"),"")} -> Village de Thillé Boubacar | S69: {=IFERROR(_xlfn._xlws.FILTER(E69,D69="Combine Harvester"),"")} | V69: Cooperative | W69: =COUNTIF($W$3:$W$65,V69) -> 2 | X69: Cooperative | Y69: =COUNTIF($Y$3:$Y$65,X69) -> 1
A70: PODOR | B70: Thillé Boubacar | C70: Moissonneuse batteuse à chenille Class | D70: Combine Harvester | E70: COOP Toro KOICA | F70: Cooperative | G70: Amadou Sy | H70: 76 600 66 63 | I70: Ndiayenne Pendao | J70: Thillé boubacar/gamadji | K70: 2024 | L70: PDCVR2 | M70: DON | N70: Function | P70: {=IFERROR(_xlfn._xlws.FILTER(E70,D70="Tractor"),"")} | S70: {=IFERROR(_xlfn._xlws.FILTER(E70,D70="Combine Harvester"),"")} -> COOP Toro KOICA
A71: PODOR | B71: Thillé Boubacar | C71: Moissonneuse batteuse à chenille Class | D71: Combine Harvester | E71: COOP Toro KOICA | F71: Cooperative | G71: Amadou Sy | H71: 76 600 66 63 | I71: Ndiayenne Pendao | J71: Thillé boubacar/gamadji | K71: 2024 | L71: PDCVR2 | M71: DON | N71: Function | P71: {=IFERROR(_xlfn._xlws.FILTER(E71,D71="Tractor"),"")} | S71: {=IFERROR(_xlfn._xlws.FILTER(E71,D71="Combine Harvester"),"")} -> COOP Toro KOICA
A72: PODOR | B72: Thillé Boubacar | C72: Moissonneuse batteuse à chenille Class | D72: Combine Harvester | E72: COOP Toro KOICA | F72: Cooperative | G72: Amadou Sy | H72: 76 600 66 63 | I72: Ndiayenne Pendao | J72: Thillé boubacar/gamadji | K72: 2024 | L72: PDCVR2 | M72: DON | N72: Function | P72: {=IFERROR(_xlfn._xlws.FILTER(E72,D72="Tractor"),"")} | S72: {=IFERROR(_xlfn._xlws.FILTER(E72,D72="Combine Harvester"),"")} -> COOP Toro KOICA
A73: PODOR | B73: Thillé Boubacar | C73: Tracteur 125CV+Offset 24 disques New Holland | D73: Tractor | E73: COOP Toro KOICA | F73: Cooperative | G73: Amadou Sy | H73: 76 600 66 63 | I73: Ndiayenne Pendao | J73: Thillé boubacar | K73: 2024 | L73: PDCVR2 | M73: Don | N73: Function | P73: {=IFERROR(_xlfn._xlws.FILTER(E73,D73="Tractor"),"")} -> COOP Toro KOICA | S73: {=IFERROR(_xlfn._xlws.FILTER(E73,D73="Combine Harvester"),"")}
A74: PODOR | B74: Thillé Boubacar | C74: Tracteur 125CV+Offset 28 disques New Holland | D74: Tractor | E74: Privé | F74: Private | G74: Ibrahima Sall | H74: 77 643 91 55 | I74: Ndiayenne Pendao | J74: Thillé boubacar | K74: 2024 | L74: Projet | M74: LBA | N74: Function | P74: {=IFERROR(_xlfn._xlws.FILTER(E74,D74="Tractor"),"")} -> Privé | S74: {=IFERROR(_xlfn._xlws.FILTER(E74,D74="Combine Harvester"),"")}
A75: PODOR | B75: Thillé Boubacar | C75: Moissonneuse batteuse new holland pneu | D75: Combine Harvester | E75: Privé | F75: Private | G75: Ibrahima Sall | H75: 77 643 91 55 | I75: Ndiayenne Pendao | J75: Thillé boubacar | K75: 2024 | L75: Projet | M75: LBA | N75: Function | P75: {=IFERROR(_xlfn._xlws.FILTER(E75,D75="Tractor"),"")} | S75: {=IFERROR(_xlfn._xlws.FILTER(E75,D75="Combine Harvester"),"")} -> Privé
A76: PODOR | B76: Thillé Boubacar | C76: Tracteur 125CV+Offset 28 disques New Holland | D76: Tractor | E76: Privé | F76: Private | G76: Hamath Guèye | H76: 77 658 72 88 | I76: Ndiayenne Pendao | J76: Thillé boubacar | K76: 2016 | L76: MAER | M76: LBA | N76: Function | P76: {=IFERROR(_xlfn._xlws.FILTER(E76,D76="Tractor"),"")} -> Privé | S76: {=IFERROR(_xlfn._xlws.FILTER(E76,D76="Combine Harvester"),"")}
A77: PODOR | B77: Thillé Boubacar | C77: TRACTEUR VALTRA DE 88 CV + PULVERISEUR OFFSET DE 20 DISQUES TRAINE | D77: Tractor | E77: Union Cheikhou Oumar Loboudou Doué | F77: Union | G77: IBRAHIMA LY | H77: 77 502 71 20 | I77: Ndiayenne Pendao | J77: Thillé Boubacar | K77: 2014 | L77: SAED | N77: Breakdown | P77: {=IFERROR(_xlfn._xlws.FILTER(E77,D77="Tractor"),"")} -> Union Cheikhou Oumar Loboudou Doué | S77: {=IFERROR(_xlfn._xlws.FILTER(E77,D77="Combine Harvester"),"")}
A78: PODOR | B78: Thillé Boubacar | C78: Tracteur 132 CV + Offset 26 disques traine VALTRA | D78: Tractor | E78: FEGINA - NGALLENKA AMONT | F78: Union | G78: MOUSSA TALL | H78: 77 567 02 50 | I78: Ndiayenne Pendao | J78: Thillé Boubacar | K78: 2014 | L78: SAED | N78: Breakdown | P78: {=IFERROR(_xlfn._xlws.FILTER(E78,D78="Tractor"),"")} -> FEGINA - NGALLENKA AMONT | S78: {=IFERROR(_xlfn._xlws.FILTER(E78,D78="Combine Harvester"),"")}
A79: PODOR | B79: Thillé Boubacar | C79: TRACTEUR VALTRA DE 88 CV + PULVERISEUR OFFSET DE 20 DISQUES TRAINE | D79: Tractor | E79: Union Thillé thiangaye | F79: Union | G79: Bocar KANE | H79: 77 561 27 03 | I79: Ndiayenne Pendao | J79: Thillé Boubacar | K79: 2014 | L79: SAED | N79: Function | P79: {=IFERROR(_xlfn._xlws.FILTER(E79,D79="Tractor"),"")} -> Union Thillé thiangaye | S79: {=IFERROR(_xlfn._xlws.FILTER(E79,D79="Combine Harvester"),"")}
A80: PODOR | B80: Thillé Boubacar | C80: TRACTEUR VALTRA DE 88 CV + PULVERISEUR OFFSET DE 20 DISQUES TRAINE | D80: Tractor | E80: Dental MCA | F80: Union | G80: AMADOU MAHAM BA | H80: 77 898 17 06 | I80: Ndiayenne Pendao | J80: Thillé Boubacar | K80: 2014 | L80: SAED | N80: Function | O80: avec offset | P80: {=IFERROR(_xlfn._xlws.FILTER(E80,D80="Tractor"),"")} -> Dental MCA | S80: {=IFERROR(_xlfn._xlws.FILTER(E80,D80="Combine Harvester"),"")}
A81: PODOR | B81: Thillé Boubacar | C81: Tracteur 125CV+Offset 28 disques Jonh deer | D81: Tractor | E81: UNION SUMA NIANGA | F81: Union | G81: DJIBO DIALLO | H81: 77 561 74 69 | I81: Ndiayenne Pendao | J81: Thillé Boubacar | K81: 2015 | L81: MAER | N81: Function | P81: {=IFERROR(_xlfn._xlws.FILTER(E81,D81="Tractor"),"")} -> UNION SUMA NIANGA | S81: {=IFERROR(_xlfn._xlws.FILTER(E81,D81="Combine Harvester"),"")}
A82: PODOR | B82: Thillé Boubacar | C82: tracteur 100 CV +Offset 24 disques TAFE | D82: Tractor | E82: UNION DES PIV DE NIANDANE | F82: Union | G82: Mamadou NIANE | H82: 77 518 20 27 | I82: Ndiayenne Pendao | J82: Thillé Boubacar | K82: 2018 | L82: MAER | N82: Function | P82: {=IFERROR(_xlfn._xlws.FILTER(E82,D82="Tractor"),"")} -> UNION DES PIV DE NIANDANE | S82: {=IFERROR(_xlfn._xlws.FILTER(E82,D82="Combine Harvester"),"")}
A83: PODOR | B83: Thillé Boubacar | C83: tracteur 100 CV +Offset 24 disques TAFE | D83: Tractor | E83: UNION THILLE - THIANGAYE | F83: Union | G83: Bocar KANE | H83: 77 561 27 03 | I83: Ndiayenne Pendao | J83: Thillé Boubacar | K83: 2018 | L83: MAER | N83: Function | P83: {=IFERROR(_xlfn._xlws.FILTER(E83,D83="Tractor"),"")} -> UNION THILLE - THIANGAYE | S83: {=IFERROR(_xlfn._xlws.FILTER(E83,D83="Combine Harvester"),"")}
A84: PODOR | B84: Thillé Boubacar | C84: tracteur 100 CV +Offset 24 disques TAFE | D84: Tractor | E84: GIE FOUTA TORO | F84: Private | G84: THIERNO MADANI TALL | H84: 77 561 28 10 | I84: Ndiayenne Pendao | J84: Thillé Boubacar | K84: 2018 | L84: MAER | N84: Function | P84: {=IFERROR(_xlfn._xlws.FILTER(E84,D84="Tractor"),"")} -> GIE FOUTA TORO | S84: {=IFERROR(_xlfn._xlws.FILTER(E84,D84="Combine Harvester"),"")}
A85: PODOR | B85: Thillé Boubacar | C85: tracteur 100 CV +Offset 24 disques TAFE | D85: Tractor | E85: ALIOU IBRAHIMA LY | F85: Private | G85: ALIOU IBRAHIMA LY | H85: 77 652 54 49 | I85: Ndiayenne Pendao | J85: Thillé Boubacar | K85: 2018 | L85: MAER | N85: Function | P85: {=IFERROR(_xlfn._xlws.FILTER(E85,D85="Tractor"),"")} -> ALIOU IBRAHIMA LY | S85: {=IFERROR(_xlfn._xlws.FILTER(E85,D85="Combine Harvester"),"")}
A86: PODOR | B86: Thillé Boubacar | C86: tracteur 100 CV +Offset 24 disques TAFE | D86: Tractor | E86: GIE HAABADE BASSAL | F86: Private | G86: ALIOU KANE | H86: 77 652 49 50 | I86: Ndiayenne Pendao | J86: Thillé Boubacar | K86: 2018 | L86: MAER | N86: Function | P86: {=IFERROR(_xlfn._xlws.FILTER(E86,D86="Tractor"),"")} -> GIE HAABADE BASSAL | S86: {=IFERROR(_xlfn._xlws.FILTER(E86,D86="Combine Harvester"),"")}
A87: PODOR | B87: Thillé Boubacar | C87: Tracteur 125CV+Offset 28 disques Jonh deer | D87: Tractor | E87: Union Dental MCA | F87: Union | G87: AMADOU MAHAM BA | H87: 77 898 17 06 | I87: Ndiayenne Pendao | J87: Thillé Boubacar | K87: 2016 | L87: MAER | N87: Function | P87: {=IFERROR(_xlfn._xlws.FILTER(E87,D87="Tractor"),"")} -> Union Dental MCA | S87: {=IFERROR(_xlfn._xlws.FILTER(E87,D87="Combine Harvester"),"")}
A88: PODOR | B88: Thillé Boubacar | C88: Tracteur 100CV+Offset 24 disques Dushter et remorque 10 T | D88: Tractor | E88: Union des SUMAS de Nianga | F88: Union | G88: Djibo Diallo | H88: 77 561 74 69 | I88: Ndiayenne Pendao | J88: Thillé Boubacar | K88: 2024 | L88: MASAE | M88: LBA | N88: Function | P88: {=IFERROR(_xlfn._xlws.FILTER(E88,D88="Tractor"),"")} -> Union des SUMAS de Nianga | S88: {=IFERROR(_xlfn._xlws.FILTER(E88,D88="Combine Harvester"),"")}
A89: PODOR | B89: Thillé Boubacar | C89: Moissonneuse batteuse à chenille FM WORLD | D89: Combine Harvester | E89: Union des SUMAS de Nianga | F89: Union | G89: Djibo Diallo | H89: 77 561 74 69 | I89: Ndiayenne Pendao | J89: Thillé Boubacar | K89: 2024 | L89: MASAE | M89: LBA | N89: Function | P89: {=IFERROR(_xlfn._xlws.FILTER(E89,D89="Tractor"),"")} | S89: {=IFERROR(_xlfn._xlws.FILTER(E89,D89="Combine Harvester"),"")} -> Union des SUMAS de Nianga
A90: PODOR | B90: Thillé Boubacar | C90: Moissonneuse batteuse KARTAR pneu | D90: Combine Harvester | E90: Boubacar Sall | F90: Private | G90: Boubacar Sall | H90: 77 659 75 68 | I90: Niandane | J90: Thillé Boubacar | K90: 2018 | L90: MAER | N90: Breakdown | P90: {=IFERROR(_xlfn._xlws.FILTER(E90,D90="Tractor"),"")} | S90: {=IFERROR(_xlfn._xlws.FILTER(E90,D90="Combine Harvester"),"")} -> Boubacar Sall
A91: PODOR | B91: Thillé Boubacar | C91: Moissonneuse batteuse Massey Fergusson pneu | D91: Combine Harvester | E91: REFAN/PODOR | F91: Union | G91: Adama GAYE | H91: 77 538 51 32 | I91: Niandane | J91: Thillé Boubacar | K91: 2019 | L91: MAER | N91: Breakdown | P91: {=IFERROR(_xlfn._xlws.FILTER(E91,D91="Tractor"),"")} | S91: {=IFERROR(_xlfn._xlws.FILTER(E91,D91="Combine Harvester"),"")} -> REFAN/PODOR
A92: PODOR | B92: Thillé Boubacar | C92: tracteur 100 CV +Offset 24 disques TAFE | D92: Tractor | E92: SERIGNE ABDOURAHMANE NIANE | F92: Private | G92: SERIGNE ABDOURAHMANE NIANE | H92: 77 564 33 17 | I92: Niandane | J92: Thillé Boubacar | K92: 2018 | L92: MAER | N92: Function | P92: {=IFERROR(_xlfn._xlws.FILTER(E92,D92="Tractor"),"")} -> SERIGNE ABDOURAHMANE NIANE | S92: {=IFERROR(_xlfn._xlws.FILTER(E92,D92="Combine Harvester"),"")}
A93: PODOR | B93: Thillé Boubacar | C93: Moissonneuse batteuse à chenille FM WORLD | D93: Combine Harvester | E93: Union GIE pour le Développement Intégré de Niandane | F93: Union | G93: Mouhamadou Niane | H93: 77 518 20 27 | I93: Niandane | J93: Thillé boubacar | K93: 2024 | L93: MASAE | M93: LBA | N93: Function | P93: {=IFERROR(_xlfn._xlws.FILTER(E93,D93="Tractor"),"")} | S93: {=IFERROR(_xlfn._xlws.FILTER(E93,D93="Combine Harvester"),"")} -> Union GIE pour le Développement Intégré de Niandane
C95: Tractor | D95: =COUNTIF($D$3:$D$93,C95) -> 69 | E95: Union | F95: =COUNTIF($F$3:$F$93,E95) -> 57 | H95: Fanaye | I95: =COUNTIF($I$3:$I$93,H95) -> 10 | M95: Function | N95: =COUNTIF($N$3:$N$93,M95) -> 77
C96: Combine Harvester | D96: =COUNTIF($D$3:$D$93,C96) -> 22 | E96: Private | F96: =COUNTIF($F$3:$F$93,E96) -> 29 | H96: Ndiayenne Pendao | I96: =COUNTIF($I$3:$I$93,H96) -> 21 | M96: Breakdown | N96: =COUNTIF($N$3:$N$93,M96) -> 14
E97: Cooperative | F97: =COUNTIF($F$3:$F$93,E97) -> 5 | H97: Niandane | I97: =COUNTIF($I$3:$I$93,H97) -> 4
H98: Démette | I98: =COUNTIF($I$3:$I$93,H98) -> 3
H99: Dodel | I99: =COUNTIF($I$3:$I$93,H99) -> 6
H100: Guede Village | I100: =COUNTIF($I$3:$I$93,H100) -> 22
H101: Ndioum | I101: =COUNTIF($I$3:$I$93,H101) -> 3
...
